id,selected,part_of_speech,tags,english,chinese,norwegian_base,verb_present_tense,verb_past_tense,verb_imperative,noun_plural,noun_singular_definite,noun_plural_definite,adjective_neuter_form,adjective_plural_form,adjective_comparative,adjective_superlative_indefinite,adjective_superlative_definite,adverb_comparative,adverb_superlative
wb_12262ed8337939bc27cef9a8aff837e65091ce907d391623535772407fd04a4a,true,noun,duolingo|time,year,年,år,,,,årer,åren,årerne,,,,,,,
wb_81fccf3b8ae68e377b857e5dfea98ce2f0253bdde03d1190522ee49930ec8e87,true,noun,,day,日,dag,,,,dager,dagen,dagerne,,,,,,,
wb_69763a5d6a1aa380d892d809b7f0b4997647a8b14fc7e199c2e3acb03062f1a9,true,noun,,country,国家,land,,,,lander,landen,landerne,,,,,,,
wb_473d777643acd0bb51ca0d29565371ec639fbfb68440c754ce480c888d7e3aa4,true,noun,,time,时间,gang,,,,ganger,gangen,gangerne,,,,,,,
wb_6675d49f5df395e8d203ca3532951081df79a4e33993903476b37978ed4a2db6,true,noun,,time,时间,tid,,,,tider,tiden,tiderne,,,,,,,
wb_5ac5dee8009fadf70491906e5ed9d7ad6ee23fa565fd57a66cf927e6a21b47a8,true,noun,,child,孩子,barn,,,,barner,barnen,barnerne,,,,,,,
wb_23043a38c7c18a687a347a80fd9efae82c38f7cc096b6c8d9f0056dc28fe28b2,true,noun,,the world,世界,verden,,,,verdener,verdenen,verdenerne,,,,,,,
wb_588755efe14c35b022076889e73ee7d0d1e142eb803dfe30fa2974897b37e50d,true,noun,,church,教堂,kirke,,,,kirker,kirken,kirkerne,,,,,,,
wb_5139484ef02190b3544d0249821bdbe6d337536b29569c2902cc82139fcfd5a5,true,noun,,part,部分,del,,,,deler,delen,delerne,,,,,,,
wb_bb02e413113acbbe2eeb6124426b3c457f0936e75187ee5d9cc3d2b2249e5f23,true,noun,,people,人,folk,,,,folker,folken,folkerne,,,,,,,
wb_230b3023c2c7bb7d3c4d1f4f9b47a56f681e8d011c5f67061bbfc134bb3db27e,true,noun,,percent,百分比,prosent,,,,prosenter,prosenten,prosenterne,,,,,,,
wb_a139c1521db3a31e42b45b8751a5eb238c077d4f569a6f92daf59d8de1c43558,true,noun,,life,生活,liv,,,,liver,liven,liverne,,,,,,,
wb_863da113e8e008478f53dcca271731c823bab81cd3e0c3aa49be22049f6886f5,true,noun,,case,案例,sak,,,,saker,saken,sakerne,,,,,,,
wb_f80a875cbb0a2bd5fc6369419027dedb10552735454870408630c40eaecde77d,true,noun,,human being,人类,menneske,,,,mennesker,mennesken,menneskerne,,,,,,,
wb_e962507756c87ffaa83969da3939b9caef3604e61ad95ccfc58a857e96118a0a,true,noun,,man,男人,mann,,,,manner,mannen,mannerne,,,,,,,
wb_fad209517a998a03f9460306e5ce530c0db7b86c91efdc0c5e16064f4fdbbe80,true,noun,,questions,问题,spørsmål,,,,spørsmåler,spørsmålen,spørsmålerne,,,,,,,
wb_8b0d934dd7a4b63d848101f2f55a5d73c8c423b1c315ab3bd98d9d2853564b40,true,noun,,State,状态,stat,,,,stater,staten,staterne,,,,,,,
wb_4ecabcaa4c919a46ef4ae74ef6782169db1477c1e562256cf4574f0c4d874f15,true,noun,,place,地方,sted,,,,steder,steden,stederne,,,,,,,
wb_3daa402814186868847405891390915c2450861bc4c8180e65085e319a053ca1,true,noun,,government,政府,regjering,,,,regjeringer,regjeringen,regjeringerne,,,,,,,
wb_5a3f056370c8b502de5ea50ce7d96308bbee20a43a9d9057ab2357b4aa42e91e,true,noun,,relationship,关系,forhold,,,,forholder,forholden,forholderne,,,,,,,
wb_18188f3fcaab7f2f5b1555f73ab397aa3dc6c23670bd2052389391f0f737d5fb,true,noun,,party,聚会,parti,,,,partier,partien,partierne,,,,,,,
wb_c51bed36639e3f0741fe14165e64c42f951eb3a9c5403dd186af38ce7396fbf3,true,noun,,problem,问题,problem,,,,problemer,problemen,problemerne,,,,,,,
wb_400820690b0a020422cac9773f0cd10abb59e1260d27a715af5c1ada04f453a8,true,noun,,fight,战斗,kamp,,,,kamper,kampen,kamperne,,,,,,,
wb_0026a7ee2332cdb41d8855eed448e1989176dc27e85ed6b162d5d14f4c3b9053,true,noun,,reason,原因,grunn,,,,grunner,grunnen,grunnerne,,,,,,,
wb_1a4eef1c871ead0878da9f1832bf2f428073b3ef48416236cce9f1344806d61d,true,noun,,mother,妈妈,mor,,,,morer,moren,morerne,,,,,,,
wb_c316d7bdedd1671f9fef9e943ad35035992da149e0e4015bb052b8371bef6fa5,true,noun,,week,周,uke,,,,uker,uken,ukerne,,,,,,,
wb_ef060f449b01da936acb3678d64d459ab1e7bd55cd7f5e66384ad6c2c44ea0d2,true,noun,,way,方式,måte,,,,måter,måten,måterne,,,,,,,
wb_abc07a67a6d9414068e8dde19c31727d7988b892e5b0334aa6ef8d961c19535a,true,noun,,picture,图片,bilde,,,,bilder,bilden,bilderne,,,,,,,
wb_dfa5e8ebdd695e20e554975d89df16eabf5df45f1c43c22842c72dd1d2b6efd3,true,noun,,goal,目标,mål,,,,måler,målen,målerne,,,,,,,
wb_dda4bb2d6c390a09f6e336dd3c3f2f6fc68323a12ec309cf09e650d23a53cb5f,true,noun,,history,历史,historie,,,,historier,historien,historierne,,,,,,,
wb_f1c8e8c0890b729b3be8da2f771610c81e730a10ad0b667336e1897fb7d72050,true,noun,,woman,女人,kvinne,,,,kvinner,kvinnen,kvinnerne,,,,,,,
wb_70d037aec8bcfc4eb79a92dda2abaddca46943b79ca9ddcab1e057f36de0c614,true,noun,,side,侧面,side,,,,sider,siden,siderne,,,,,,,
wb_ec770d25ab10e77d6a6757771de6db7016bd69226208bd066c6a907b267cf1b3,true,noun,,things,东西,ting,,,,tinger,tingen,tingerne,,,,,,,
wb_6727e63ad98d233615e0bf3d7462f3036fa471040fb577df19388e9850f01fe1,true,noun,,father,父亲,far,,,,farer,faren,farerne,,,,,,,
wb_45d404d9045486550e9fb232ab1183e310e79bf27236ff1314e1e82d471ed53e,true,noun,,prime minister,总理,statsminister,,,,statsministerer,statsministeren,statsministererne,,,,,,,
wb_9d6870a573114f3a4a332334dac283777af59905ebbf57f2fb24c2baefe80bf8,true,noun,,road,路,vei,,,,veier,veien,veierne,,,,,,,
wb_9abeb4797a0a5c3b7e3122fba1586b7540b846d37409901eb9c8b8944cc356e7,true,noun,,work,工作,arbeid,,,,arbeider,arbeiden,arbeiderne,,,,,,,
wb_8f8ce6f20ae807d27443cb95b83f24e4fd24b32f22d6a0b463309e1bae45edf3,true,noun,,selection,选择,utvalg,,,,utvalger,utvalgen,utvalgerne,,,,,,,
wb_190fbcff92a3e68b8ce90ff356ddc7069b079ea3f818554bc2b2ac60068671b3,true,noun,,president,总统,president,,,,presidenter,presidenten,presidenterne,,,,,,,
wb_64e3c3a77541a17632c36db2e0e6ad545c550f48d678651dba47472e95b5c63b,true,noun,,example,例子,eksempel,,,,eksempeler,eksempelen,eksempelerne,,,,,,,
wb_bfda86b499e81a8faf7c9a8dc33010df89acdab4a6b3b71bf6059b43c8753170,true,noun,,million,百万,million,,,,millioner,millionen,millionerne,,,,,,,
wb_18500f5d4f020b78742717cb249f6f694282900376b9fef5dd0206a6c0f1641b,true,noun,,responsibility,责任,ansvar,,,,ansvarer,ansvaren,ansvarerne,,,,,,,
wb_b2dd07c14d8d40b9ab530723fadd8f4226de4b71d0e9a53e3f526d488f632bd7,true,noun,,crown,皇冠,krone,,,,kroner,kronen,kronerne,,,,,,,
wb_17898515a0f67d38e10ba16c8426a0114d383016d373aaf7680bfd0d517453df,true,noun,,society,社会,samfunn,,,,samfunner,samfunnen,samfunnerne,,,,,,,
wb_de27090a28a01a0d45c8d5fcb99e8631cfdd0a9e72af7f34c0a2a936d85377b8,true,noun,,family,家庭,familie,,,,familier,familien,familierne,,,,,,,
wb_9c6bd849e92612f49c781a6975976fe8ca9ad61dc3e074da5eb06a81c507a864,true,noun,,addition,加法,tillegg,,,,tillegger,tilleggen,tilleggerne,,,,,,,
wb_e168244ecd4f25060e487498b22352e98bdac27e15992483d4a3b8d93212253a,true,noun,,school,学校,skole,,,,skoler,skolen,skolerne,,,,,,,
wb_b6ba98ca1cb0d7b3b609921b4b81a7188eb6e9f7973f397cc1919eff5a382934,true,noun,,manager,经理,leder,,,,lederer,lederen,ledererne,,,,,,,
wb_159d033de3a8f558c9e80f22e952df88c5f0782a8b8d9a3f1c65ecb41541497c,true,noun,,evening,晚上,kveld,,,,kvelder,kvelden,kvelderne,,,,,,,
wb_74510205ff69634f4444972d6ed0d9745b33ddc378dfbc83f904eb42acfc8c17,true,noun,,car,汽车,bil,,,,biler,bilen,bilerne,,,,,,,
wb_72f601fbf56cbf3ef941498780fdd20f936b7a478ea545bd5d5fc4026f97f8d4,true,noun,,job,工作,jobb,,,,jobber,jobben,jobberne,,,,,,,
wb_21f77268a751c3c361d17168c573ffd6f59a045296f9aa3820174ca64699a842,true,noun,,choice,选择,valg,,,,valger,valgen,valgerne,,,,,,,
wb_c92b6b07b76f57d6613f23d6c1426d963098d943405317048df4160d55629355,true,noun,,words,话,ord,,,,order,orden,orderne,,,,,,,
wb_0147f3d2850051ddb6423ce9bf9a3a7fe6909501e85aee417509a71dcc619e73,true,noun,,area,面积,område,,,,områder,områden,områderne,,,,,,,
wb_0bf1f96f9fbda9ce3c19fd0d857c09f0c3551d323628363d00edc56455687ed6,true,noun,,city,城市,by,,,,byer,byen,byerne,,,,,,,
wb_03b6f9a5e8263e6bb84619591e87f565fd31f4f31f2fc55f4e44324bba656a13,true,noun,,person,人,person,,,,personer,personen,personerne,,,,,,,
wb_56ceac0edf940bdfb2ca4e1756bb7c62fb46bdef9c6aed23a4f5a232c31c0e99,true,noun,,politics,政治,politikk,,,,politikker,politikken,politikkerne,,,,,,,
wb_d2ec052142c684c83220f72bdcf37e252ce264655eb788e8bb90331736335d72,true,noun,,book,书,bok,,,,boker,boken,bokerne,,,,,,,
wb_2f39e06ec79882efba68d3174dd91eaed223100095ebf7f010958128d723c478,true,noun,,possibility,可能性,mulighet,,,,muligheter,muligheten,muligheterne,,,,,,,
wb_a5d81e0e53683e2fb0f896fe9686af6da91baf4e1d0263859d45f35fa468666a,true,noun,,fall,秋天,fall,,,,faller,fallen,fallerne,,,,,,,
wb_8f184a2cfd6a507d01664fe801ae7a246e8b0a09f65ed96950ecde9c0e15c8ae,true,noun,,police,警察,politi,,,,politier,politien,politierne,,,,,,,
wb_c46e0adef12ca4e854e114cf29d895e2032a5614f5b8ac28f5d5ae9b28e71e85,true,noun,,law,法律,lov,,,,lover,loven,loverne,,,,,,,
wb_c9df90d972c143d8d31577cc9c86374af2d84d280e710da5fa7e9de465f22b21,true,noun,,space,空间,plass,,,,plasser,plassen,plasserne,,,,,,,
wb_3d51b81a9548acd3837094af4e54fd1c0088b733fd7428c565d972b60365c309,true,noun,,cooperation,合作,samarbeid,,,,samarbeider,samarbeiden,samarbeiderne,,,,,,,
wb_da5045b7f99dc634c980fb3039e16334c0a3c7ea096ce0fa7e596592d7b09aa1,true,noun,,member,会员,medlem,,,,medlemer,medlemen,medlemerne,,,,,,,
wb_b4e5588fb7bd55dc19751e4489602ab0c20c038313c0b4dba08aa6e3103a7f3b,true,noun,,right,对,rett,,,,retter,retten,retterne,,,,,,,
wb_1b767e9905b6e8a6a00ef8c3fc1e0b60ae42357c20552c763fdef74ad70bd839,true,noun,,money,钱,penge,,,,penger,pengen,pengerne,,,,,,,
wb_69dd165dde30b2ebd3fea745161d6bd68867321c4c489d2a2109b8032672810c,true,noun,,municipality,市政府,kommune,,,,kommuner,kommunen,kommunerne,,,,,,,
wb_1125b1fe75a9459e213d3d21807969faaddc78835e7b5483c8c0ffc7122953e3,true,noun,,games,游戏,spill,,,,spiller,spillen,spillerne,,,,,,,
wb_c90a1dbcab6e3b66c6671e333f12e9317b36f093e7bb42ce563d0bd97ff540cf,true,noun,,use,使用,bruk,,,,bruker,bruken,brukerne,,,,,,,
wb_5f086c8c44e0a555f408c9b62bd2ffa03a20ffa834f802021355b8f935dc0003,true,noun,,degree,学位,grad,,,,grader,graden,graderne,,,,,,,
wb_feb80074b2f1c55bcbfb64646b081bc366b91b3086501626288c4775b2f78832,true,noun,,politician,政治家,politiker,,,,politikerer,politikeren,politikererne,,,,,,,
wb_cf386a915f7588953ccdf2fce59e302b553f085bd8eb48ae79bbde4227492db5,true,noun,,friend,朋友,venn,,,,venner,vennen,vennerne,,,,,,,
wb_2df7bf808125e5f0632b727a5f1de2d0b8b3bdd7705a166939ca8f81996f7cd3,true,noun,,debate,辩论,debatt,,,,debatter,debatten,debatterne,,,,,,,
wb_cb34f274b6b28286765ecaff49be5b5ab16f30d1120244147ade343926be9225,true,noun,,company,公司,selskap,,,,selskaper,selskapen,selskaperne,,,,,,,
wb_7549f222b8aa13274a68c6898256096b357b320ec6d7ccc1c2a110cb18212d8e,true,noun,,requirements,要求,krav,,,,kraver,kraven,kraverne,,,,,,,
wb_88631803c431de7b8d48ae85880ca7f96a5e2dc4a578c76f86613eb6f62fb997,true,noun,,house,房子,hus,,,,huser,husen,huserne,,,,,,,
wb_8608589fddd6976c7602ddac22e288cb6805bb3de275f42124e232b13afd2b02,true,noun,,war,战争,krig,,,,kriger,krigen,krigerne,,,,,,,
wb_8cadf28c68538bdc061f5542298c830b6e5f5b0fe22cab557ef6069bc4abcb23,true,noun,,player,玩家,spiller,,,,spillerer,spilleren,spillererne,,,,,,,
wb_923916b9e84306db67f30a797f9611cac1450a0ca001e5380de508ee43448e51,true,noun,,authority,权威,myndighet,,,,myndigheter,myndigheten,myndigheterne,,,,,,,
wb_4dcd46341de26bc1448fc97d32a5dbf9e7e62beb03562a757764f693afe1519e,true,noun,,medium,中等,medium,,,,mediumer,mediumen,mediumerne,,,,,,,
wb_33b236fce432f3c4ef55666f2010acba2d426d21f8bd7571737b3bdc96fdf4f4,true,noun,,film,电影,film,,,,filmer,filmen,filmerne,,,,,,,
wb_d56c26d65595dccc9fb9b68da8f3c344c720cf2b9b8bcaece59c7d1b05faf5d1,true,noun,,vote,投票,stemme,,,,stemmer,stemmen,stemmerne,,,,,,,
wb_7eb2ac450b2941fda439608c330eaae904bd0fb8d841032687519ac04e54c24e,true,noun,,proposal,提案,forslag,,,,forslager,forslagen,forslagerne,,,,,,,
wb_3e594eaeb7167cceba15e58ac028125b7e3d5a7c8e0b5821668b40025576af65,true,noun,,ran,跑,løp,,,,løper,løpen,løperne,,,,,,,
wb_cb2fd532c441db8905c25fde5159432804a33f37f9145238bd8a2912efb25f2a,true,noun,,teams,团队,lag,,,,lager,lagen,lagerne,,,,,,,
wb_a01dd7febf2dba83f77e74180d74d0757c912feb3a7ae1d23c35610cf408b967,true,noun,,girl,女孩,jente,,,,jenter,jenten,jenterne,,,,,,,
wb_2387fe134e2a4bcf76c82e953a26f26344c78a079be95660d26e6d880ee1c922,true,noun,,meeting,会议,møte,,,,møter,møten,møterne,,,,,,,
wb_04359b07adaa3acae587d613640f47ca9567bdeac7821fba6813e42b27e284b7,true,noun,,period,期间,periode,,,,perioder,perioden,perioderne,,,,,,,
wb_b11fef83fec954ee8226d606b23d2089d12c8b16a72cfb8369d710d6bc45479b,true,noun,,end,结束,slutt,,,,slutter,slutten,slutterne,,,,,,,
wb_6991e26a2b589cdd6546145b25e5585f84fab230ad204623e25298e2bb684207,true,noun,,business,商业,virksomhet,,,,virksomheter,virksomheten,virksomheterne,,,,,,,
wb_6fb4920fb3f976d0f89645634766da34fa37e33ce114d7e06404967620a3ed98,true,noun,,majority,多数,flertall,,,,flertaller,flertallen,flertallerne,,,,,,,
wb_b2d45f76bc7778db41f32013cb691ef559e1d915f62ac986c95f939bb6252b5b,true,noun,,row,行,rekke,,,,rekker,rekken,rekkerne,,,,,,,
wb_6469142c6b8bc81bae659a9f2d5672b9ff7740ea53eefbf6b4d526dd0ed6d09e,true,noun,,development,发展,utvikling,,,,utviklinger,utviklingen,utviklingerne,,,,,,,
wb_e6a14e8e4ff23785a57993ba9c0c4249827f5eaa77be456dd09e722fbd6f2013,true,noun,,environment,环境,miljø,,,,miljøer,miljøen,miljøerne,,,,,,,
wb_1aebe9b22942af737445fda5f958198c380d48970c6b80287675ba7a46e6cfd3,true,noun,,plan,计划,plan,,,,planer,planen,planerne,,,,,,,
wb_df6fbd3ea92e18b3b822215c9b6d454bc7aea19a27509dc4c0d40e570abbd9fc,true,noun,,name,姓名,navn,,,,navner,navnen,navnerne,,,,,,,
wb_cef97dfc350da28689d94936e08e3580f9d046dd12932683d4457dd6e739f8d9,true,noun,,newspaper,报纸,avis,,,,aviser,avisen,aviserne,,,,,,,
wb_46935c294f28f6eb4e0db4874c06a6fb7a2a829f33f6f2f4c576b4c25da5314d,true,noun,,rule,规则,regel,,,,regeler,regelen,regelerne,,,,,,,
wb_9dba576a5f2d751e4456b9ca7942cdc2d0b381ca1667fa6f2759f5e367f521c8,true,noun,,minute,分钟,minutt,,,,minutter,minutten,minutterne,,,,,,,
wb_80b927f16b7d1ed495b1c7933af36202ca23d85bc886b7add6fb26fe985cd4b2,true,noun,,situation,情况,situasjon,,,,situasjoner,situasjonen,situasjonerne,,,,,,,
wb_312ba25298af714813fd33b31f75d75f3a3b127a324eadbef59d8b348e34493f,true,noun,,month,月,måned,,,,måneder,måneden,månederne,,,,,,,
wb_c08fc0c57cc1bc194d44d0689e096ed8240668f056868e0f749f8bf02dd7f60c,true,noun,,organization,组织,organisasjon,,,,organisasjoner,organisasjonen,organisasjonerne,,,,,,,
wb_f70b4078b33753e7552ec9ab99b1c44715c5e94f12a57ffabadb36c494191257,true,noun,,price,价格,pris,,,,priser,prisen,priserne,,,,,,,
wb_8daa5ca11da79e3bb93f77036d2b4fce9a1ea975f47aa7e9671cac2c27359eb8,true,noun,,Sunday,周日,søndag,,,,søndager,søndagen,søndagerne,,,,,,,
wb_b847986939513f8d12cd003a0eff50637c2d7b869ad9cb4a0c1d43f650b3e836,true,noun,,parent,家长,forelder,,,,forelderer,forelderen,foreldererne,,,,,,,
wb_b1508574ba6433fd5cc04442a79a72836bed97f47037e9161dadd091e5df9c7b,true,noun,,challenge,挑战,utfordring,,,,utfordringer,utfordringen,utfordringerne,,,,,,,
wb_61b532b94244afee34eecb3ae219151d06ddbf9ce560204bfc5f784b61da7761,true,noun,,Minister of State,国务大臣,statsråd,,,,statsråder,statsråden,statsråderne,,,,,,,
wb_573b7e4e0a25044bb0a7a485e776fe43f7a9511f7b8f5554cacb0cf1be751afb,true,noun,,answer,回答,svar,,,,svarer,svaren,svarerne,,,,,,,
wb_bef9457a312087515f52df649ead90c056cef64bf3a5aeabedb86e2fec0d342f,true,noun,,doctor,医生,lege,,,,leger,legen,legerne,,,,,,,
wb_0dbffb8cd94e6535720fa75bccc6b61d5d909d68abade306a29705cc61839bab,true,noun,,form,形式,form,,,,former,formen,formerne,,,,,,,
wb_c6cb7cf2de534e043da6549436a48e7c519e650d1e657c93bbc16c78e984edc1,true,noun,,role,角色,rolle,,,,roller,rollen,rollerne,,,,,,,
wb_3ce6a3cf476eb3f4bbf2dce3cb961395b75aa063068880fe4d1c9fc6edd59ee4,true,noun,,result,结果,resultat,,,,resultater,resultaten,resultaterne,,,,,,,
wb_7db2d57f875acb4c20e4e9ef36e6602e1e177a2a91052833cf059478031a0a20,true,noun,,photo,照片,foto,,,,fotoer,fotoen,fotoerne,,,,,,,
wb_87e5f279ba145b8e3f7183f605cfece48f58099c80a8be35f9886181f601b024,true,noun,,company,公司,bedrift,,,,bedrifter,bedriften,bedrifterne,,,,,,,
wb_ffc2963dd24ab6b580ecc6c5df16bd8befa369d02f5320ed5767f4a9c882c901,true,noun,,boy,男孩,gutt,,,,gutter,gutten,gutterne,,,,,,,
wb_8d645e5b4f89fe96b7e73368dc7208358d5f36bd8918ba1f78695f0f38fd9a18,true,noun,,support,支持,støtte,,,,støtter,støtten,støtterne,,,,,,,
wb_5cab00dbed132234c90fbc2581bed8b3ffc4d56aaea8f24f376bfd7e95ee2998,true,noun,,Friday,周五,fredag,,,,fredager,fredagen,fredagerne,,,,,,,
wb_b087a500c03737dd56f41130035c3e7a46d6912d81c7fb5ebfae38059cf20909,true,noun,,change,改变,endring,,,,endringer,endringen,endringerne,,,,,,,
wb_5e56eb744bdd0880801693773171e89192cbe65ee66c3edb81bdcdcac994867d,true,noun,,hour,小时,time,,,,timer,timen,timerne,,,,,,,
wb_06b4bd9783a4ba5e5506506602515ddf35769b7401e900a9d37ee449815c358b,true,noun,,gas power plant,燃气发电厂,gasskraftverk,,,,gasskraftverker,gasskraftverken,gasskraftverkerne,,,,,,,
wb_f332049bdba846cfb1aa90cc3ffffdec637874dd9efc6fd0a5d3d8719da37c58,true,noun,,hospital,医院,sykehus,,,,sykehuser,sykehusen,sykehuserne,,,,,,,
wb_a2b147ab19e9b31b3bc5d3954df57d267c32abd0606e81914a53117a80a9e9b4,true,noun,,daughter,女儿,datter,,,,datterer,datteren,dattererne,,,,,,,
wb_c6d8bace757fd05f2ed5642410cc2ae7f4332a9bc4409c3f3f476138b04e4e41,true,noun,,power,电源,makt,,,,makter,makten,makterne,,,,,,,
wb_967ea66da388545f411ccecca4182e65784a618fe342b6fcaf2e2634ae6e3ddc,true,noun,,Norwegian,挪威语,nordmann,,,,nordmanner,nordmannen,nordmannerne,,,,,,,
wb_897ab38cb5cddbdc99a2c5b4158628104cc7111611fb989b1d3ec97332ba76ea,true,noun,,hand,手,hånd,,,,hånder,hånden,hånderne,,,,,,,
wb_2156b31eda7e3cfe9a58a6714d525cdec622f05710701decaefe2d94482732d2,true,noun,,audience,观众,publikum,,,,publikumer,publikumen,publikumerne,,,,,,,
wb_e5c89cb48ff30950caee31bcf77887ba1fd66af2ad929cfd383d113f91f3c046,true,noun,,needs,需要,behov,,,,behover,behoven,behoverne,,,,,,,
wb_7669eb7421d8b78dec0992a49db536fa8a0376df840d5bbbb9648d7ce5f4ce96,true,noun,,contact,联系方式,kontakt,,,,kontakter,kontakten,kontakterne,,,,,,,
wb_39aa694f8e2115176d5ffa63689626e4259acfbad84264a878efcdbc56827937,true,noun,,information,信息,informasjon,,,,informasjoner,informasjonen,informasjonerne,,,,,,,
wb_b394bbf4e5925b34600996581aec694823fe945991c375132e2be821764ed3be,true,noun,,couple,情侣,par,,,,parer,paren,parerne,,,,,,,
wb_56720c93fadaeb62f9c37adf2ff046fa0ef6e2474bebe14d067ea942fd324030,true,noun,,points,点,poeng,,,,poenger,poengen,poengerne,,,,,,,
wb_d6f4b5f297834888d22bd7c6480779baf949ff6fc52fcc9ee6d4ec30256b043a,true,noun,,music,音乐,musikk,,,,musikker,musikken,musikkerne,,,,,,,
wb_c9ef42243408f75d794665bbad09a1db2e277fc6b6e077559d39211cb1650144,true,noun,,project,项目,prosjekt,,,,prosjekter,prosjekten,prosjekterne,,,,,,,
wb_9c43c5a1314d6e324982709c125b147157f71d013d3d4afafb9ef7310f0cf7b7,true,noun,,arrangement,安排,ordning,,,,ordninger,ordningen,ordningerne,,,,,,,
wb_84c43d0051d4b83ce890035dd3fb6934f867ce9070d085f3b7c3f3ff1276569d,true,noun,,representative,代表,representant,,,,representanter,representanten,representanterne,,,,,,,
wb_b9486240e5ccd24aced8c78fd36fc69724860aca45a2f99120f3b97e34731d32,true,noun,,Saturday,星期六,lørdag,,,,lørdager,lørdagen,lørdagerne,,,,,,,
wb_c2635e2392559058ca4ae16c4b3e8a0f2f65f4c1c07a47014b911643e3f8cd5e,true,noun,,goes,去,går,,,,gårer,gåren,gårerne,,,,,,,
wb_075e03e604032f5847412803780bc25d2296fcd0938b4d7ddb70cced4b853321,true,noun,,dad,爸爸,pappa,,,,pappaer,pappaen,pappaerne,,,,,,,
wb_a7dfe4c58298a2cf02705590d7a9867ffabc65092e39042493826f908e2e91c4,true,noun,,autumn,秋天,høst,,,,høster,høsten,høsterne,,,,,,,
wb_eeb1d7487a648c0231be31d4feedd940a14c72f538bb462f11277d5a3a1df708,true,noun,,solution,解决方案,løsning,,,,løsninger,løsningen,løsningerne,,,,,,,
wb_0cd3249d70882fe1c2c0c06368c1897eaff4e978e983b6adb2be8fcc06d6c30b,true,noun,,thought,思想,tanke,,,,tanker,tanken,tankerne,,,,,,,
wb_b4ed4c1b17ddb9be6ce4e35b03e204e4edbceac585260c73e68054a825646ba2,true,noun,,regulation,监管,forskrift,,,,forskrifter,forskriften,forskrifterne,,,,,,,
wb_ea3f3a3aa15e2f9bca681e179c4c1376e858fcfdc7bf86930752ca7defb34a74,true,noun,,clock,时钟,klokke,,,,klokker,klokken,klokkerne,,,,,,,
wb_a39d2a2623915b1648d0b664bd8524b723874fe44321a56b9033703ca7d2e8cc,true,noun,,eye,眼睛,øye,,,,øyer,øyen,øyerne,,,,,,,
wb_3827ea7d74e73be53b316ea1bbd4de0aeddc05aef0bcacf2d4a17e96ea9e19a5,true,noun,,value,值,verdi,,,,verdier,verdien,verdierne,,,,,,,
wb_d084f0a2d02d06de6c34fc77b604c09cd59023d3b595aba5b16b08bed6c03186,true,noun,,technology,技术,teknologi,,,,teknologier,teknologien,teknologierne,,,,,,,
wb_429b4fe17a4442c6636dcdcad3605f5d639ea105b3d2d932df41e4bb424abfc3,true,noun,,victory,胜利,seier,,,,seierer,seieren,seiererne,,,,,,,
wb_e97b3e10ba40b77a9e0f1590d3deb95de8df408a3bfdcf50b209cdafdd398784,true,noun,,help,帮助,hjelp,,,,hjelper,hjelpen,hjelperne,,,,,,,
wb_0fd62f0e8f335e3502a09c8bef1465e9a27a6393de4cccda885748e58b70c451,true,noun,,action,行动,handling,,,,handlinger,handlingen,handlingerne,,,,,,,
wb_e41b8598e8d9fc331da439a79d6e55b60b02dd765607b4feac46faeb99e58290,true,noun,,chooses,选择,velger,,,,velgerer,velgeren,velgererne,,,,,,,
wb_cca1bc1d30b01b3505a1adbc89e0d7f01de8b31546e430c1391934545040b64b,true,noun,,economy,经济,økonomi,,,,økonomier,økonomien,økonomierne,,,,,,,
wb_4fe61d13083fd639bdbe9a010a7997006ee8db76946b2f15ffa91fc43cb029c3,true,noun,,measures,措施,tiltak,,,,tiltaker,tiltaken,tiltakerne,,,,,,,
wb_5a1141de956bc053271ac476bf62063d121569223f3c267aaffca37ed2a9f262,true,noun,,last year,去年,fjor,,,,fjorer,fjoren,fjorerne,,,,,,,
wb_d0276a2c4734ce198151d694a80dac1b2be99e23d81d0c69fde523013f38d2e8,true,noun,,journalist,记者,journalist,,,,journalister,journalisten,journalisterne,,,,,,,
wb_8f0696855af978aa52bd7bdb99d7ec24df3752d9bb40ce2a6de865fe7d65b1dc,true,noun,,line,线,linje,,,,linjer,linjen,linjerne,,,,,,,
wb_3f00fe67204ecddf7147030be8afc9ebb2dc98502d949cc7d821ce6dbf646d68,true,noun,,group,组,gruppe,,,,grupper,gruppen,grupperne,,,,,,,
wb_e07fc5de2a1baaa2db241e89442b376b442f18c420365d0654c4b7ac0f7923dd,true,noun,,table,表,bord,,,,border,borden,borderne,,,,,,,
wb_a07baa5333e3133b35106f7c9998bc89bdb409b53b2a99079a91a1af3a0a37e1,true,noun,,management,管理,ledelse,,,,ledelser,ledelsen,ledelserne,,,,,,,
wb_dd3cd1a672c2d5317baa724553b0831c8722c010efaf48b94c34a844f716ed01,true,noun,,numbers,数字,tall,,,,taller,tallen,tallerne,,,,,,,
wb_66a7a1556bdaece57c4d66063e3ea8b68fd3799167c0c8a91ab1eb829ee69df7,true,noun,,feeling,感觉,følelse,,,,følelser,følelsen,følelserne,,,,,,,
wb_60ff9e1289325ed5b82bef18dbbe795414d74c923471048aee0c8a65c9720a43,true,noun,,room,房间,rom,,,,romer,romen,romerne,,,,,,,
wb_60f55fb5afa7eaec20fe1295eb5bbc911c4041e5076d3c3d14f22e46ab619e69,true,noun,,judge,法官,dommer,,,,dommerer,dommeren,dommererne,,,,,,,
wb_bdc6dc915dcd72455d33651a3aa601577b30ad0b1adee694ba83da8dc5f18c68,true,noun,,mom,妈妈,mamma,,,,mammaer,mammaen,mammaerne,,,,,,,
wb_72d4322ecdbc9ab749a6a947dfc820b61c97c02e21547671724876d81e78f3d4,true,noun,,number,数量,nummer,,,,nummerer,nummeren,nummererne,,,,,,,
wb_c34f3fc640fab9c61ca0f97c4631567fcc2ebe9a06ed092492ae9e53e21b962d,true,noun,,border,边框,grense,,,,grenser,grensen,grenserne,,,,,,,
wb_9fb3d3d37453f3e082effc6d3618d734c845073d0f496542d708e6020f2718e2,true,noun,,market,市场,marked,,,,markeder,markeden,markederne,,,,,,,
wb_b05c6a41519a8bdcb9452433776507c64bf208f328c9ac1c84951535e6038972,true,noun,,son,儿子,sønn,,,,sønner,sønnen,sønnerne,,,,,,,
wb_b8c8cbe82b88d823d518ba7ae9de9752b45a415b1c67363fb2e73d59bb72ea34,true,noun,,football,足球,fotball,,,,fotballer,fotballen,fotballerne,,,,,,,
wb_07ed9f004b65dceb48045e615f3bab6a546e1f3fd0c5fa0021522e737947ca36,true,noun,,position,位置,stilling,,,,stillinger,stillingen,stillingerne,,,,,,,
wb_1618a35d3bee3f54d198a948ccc7c8059a8c1591c3d7a47adf1eabb91a28c374,true,noun,,case,案例,tilfelle,,,,tilfeller,tilfellen,tilfellerne,,,,,,,
wb_ae35e5aa3d10eaabdd5d60bfb5306e183bb8f8f0053f20d390e1ed202520ffdc,true,noun,,billion,十亿,milliard,,,,milliarder,milliarden,milliarderne,,,,,,,
wb_1880ccdb5c0a6d5d1b6de98f2d98a4871eb45d71f96f19e69ff6da286511bd22,true,noun,,interest,兴趣,interesse,,,,interesser,interessen,interesserne,,,,,,,
wb_ff786f0aae1404796eed06c4b832ef9429107c5ae40211d043f17b515169b7bf,true,noun,,control,控制,kontroll,,,,kontroller,kontrollen,kontrollerne,,,,,,,
wb_01066d22f08213c7c7b1b11b21061bd559143e6b870ffdcb99449300134a5860,true,noun,,island,岛,øy,,,,øyer,øyen,øyerne,,,,,,,
wb_c1746128d2c7f4557e527a5cb702dad69b7db166fbb969b8afdb223b6248090c,true,noun,,task,任务,oppgave,,,,oppgaver,oppgaven,oppgaverne,,,,,,,
wb_9a787bbfb0e5ff7d4a9549d73588cf2e54114c4dcab4f7ae704004ce599da47a,true,noun,,background,背景,bakgrunn,,,,bakgrunner,bakgrunnen,bakgrunnerne,,,,,,,
wb_2bc5e37bbbc30c78b400bd233b9aee257cbadd70b18255486a33ae63f8671b5e,true,noun,,morning,早上,morgen,,,,morgener,morgenen,morgenerne,,,,,,,
wb_4b22bf163283f174e6ba5364e2dc03138e20a85f8cef6e392ab8c90cacbc3a16,true,noun,,wife,妻子,kone,,,,koner,konen,konerne,,,,,,,
wb_b728076e0b5e423ea148186d96b950283256076b80da7b9ad224e2bec914327e,true,noun,,food,食物,mat,,,,mater,maten,materne,,,,,,,
wb_fb7eb4cf5948a0b3dbb1816f2765851df5cf1936af38b84c5ae8a3221c283ecc,true,noun,,meaning,意义,betydning,,,,betydninger,betydningen,betydningerne,,,,,,,
wb_b19d47b1a86d24c977622d25012c71c743d842511d94896ff90719090d9a2a11,true,noun,,basis,基础,grunnlag,,,,grunnlager,grunnlagen,grunnlagerne,,,,,,,
wb_ab9595b225bb750a4195b6b83a792ee58060e706b7a3380c86a7e1986f486a04,true,noun,,night,晚上,natt,,,,natter,natten,natterne,,,,,,,
wb_fa97f4bbe94ecb5cd9372dc5142bc3c1399f6981619eaadd5dda89896f6d8e96,true,noun,,wealth tax,财富税,formuesskatt,,,,formuesskatter,formuesskatten,formuesskatterne,,,,,,,
wb_ee46866e0256ed3c5fb84a3358ead5ee54aedebd6e348d7d301639a46e95be6b,true,noun,,ceiling,天花板,tak,,,,taker,taken,takerne,,,,,,,
wb_2d77bef677ee4be01ba6f10e80b35370dc02eff0b1783a4db9c8276e116931d4,true,noun,,electoral vote,选举人票,valgmannstemme,,,,valgmannstemmer,valgmannstemmen,valgmannstemmerne,,,,,,,
wb_7e150eb8efc5b72ed4306a0f47e74b4d1d9369dcf9d3986c71813c5ba234693b,true,noun,,sister,妹妹,søster,,,,søsterer,søsteren,søstererne,,,,,,,
wb_8d94274c7713975a307b0aefb0882db5661ae886ef4e27a23b11bbf2413161e0,true,noun,,weekend,周末,helg,,,,helger,helgen,helgerne,,,,,,,
wb_d04d4612c467a3216fe2212d035add20688e603ccf79c4da6d7efbb24cd57bb4,true,noun,,net,网,nett,,,,netter,netten,netterne,,,,,,,
wb_383c919c4b488920ef4a69168065dc226658f86de59db667a5a9c11f91fc17b0,true,noun,,art,艺术,kunst,,,,kunster,kunsten,kunsterne,,,,,,,
wb_a2edf775c3016bcbf61dc316ce443cf1df1dfe455f227ffbc4ea332c062c04cf,true,noun,,dies,死了,dør,,,,dører,døren,dørerne,,,,,,,
wb_629a53f77408b062d8f3747eb89fcb28ae5824d4d376228e78b316c62eb2ec91,true,noun,,message,留言,melding,,,,meldinger,meldingen,meldingerne,,,,,,,
wb_d34061d4d38574de342d10e52be9b57f5014e85b5a0178a37f1f9a4ccdb1fda5,true,noun,,report,报告,rapport,,,,rapporter,rapporten,rapporterne,,,,,,,
wb_06ce299e6b4b8d2e203719291c69fcb0096906744f98eb43a26e43182ee49a13,true,noun,,July,七月,juli,,,,julier,julien,julierne,,,,,,,
wb_f5932cac314a05b34a15508cc6e513c064b22c7e8d90a8b686b78e602424769e,true,noun,,ministry,部委,departement,,,,departementer,departementen,departementerne,,,,,,,
wb_4e075b7aef9b09bedff4b60002bc3336160c9350f6ae0f99a125529108cbc29f,true,noun,,doubt,怀疑,tvil,,,,tviler,tvilen,tvilerne,,,,,,,
wb_419a0b4b8ff2c4b582c4081fd1288c154576a2dfa6ab98b0a617b84619458d34,true,noun,,head,头,hode,,,,hoder,hoden,hoderne,,,,,,,
wb_4af9a91f1fb6a1a10f39201d9aa03e597315904f1c908e651ffda331d07daca3,true,noun,,chance,机会,sjanse,,,,sjanser,sjansen,sjanserne,,,,,,,
wb_ed737db1065548076430afec1292423f41220e00854066712264b7750bb97f1e,true,noun,,top,顶部,topp,,,,topper,toppen,topperne,,,,,,,
wb_6db5f14e1e6d66a6063591c1a7e369fe3392eef5279d4f7c7c486b67af934cd8,true,noun,,religion,宗教,religion,,,,religioner,religionen,religionerne,,,,,,,
wb_caf4df7e3713eba70da4786396b8f4438f8fc0146475c7c76cb45f997432090a,true,noun,,language,语言,språk,,,,språker,språken,språkerne,,,,,,,
wb_9e961611bf3109a1c022dc95648a20cdb00090c40c2381398836676f62f65439,true,noun,,club,俱乐部,klubb,,,,klubber,klubben,klubberne,,,,,,,
wb_c04919435b5c4c24186825c03274da47d160e19f2b4f47813c3ffbe9d9ebdae8,true,noun,,difference,差异,forskjell,,,,forskjeller,forskjellen,forskjellerne,,,,,,,
wb_e6bcced9adc38c483e736f50cbd675edb47c2412c179daab3ffd68d70de6fb9e,true,noun,,resource,资源,ressurs,,,,ressurser,ressursen,ressurserne,,,,,,,
wb_ff625e28a084c9b70a184b3454dc3d741ed020f8fcca09169c740f8f4db90910,true,noun,,agreement,协议,avtale,,,,avtaler,avtalen,avtalerne,,,,,,,
wb_ec8c9ea4eba974c586997d3d446e2d5b62c2a1803355ae75a5d95ebaee6bcc26,true,noun,,experience,经验,opplevelse,,,,opplevelser,opplevelsen,opplevelserne,,,,,,,
wb_262990300c242c0d8d850d67e72fcb1c83741f74be8e188616c1c814f09b5722,true,noun,,Monday,星期一,mandag,,,,mandager,mandagen,mandagerne,,,,,,,
wb_158ba03c6c9139a1c9c4b1948620bcf89e3ffff96218bc12d2f808cfe67e06d3,true,noun,,speech,演讲,tale,,,,taler,talen,talerne,,,,,,,
wb_3f7f33e76fe41226da82a99a3f29d2cd43916545ba34d32559cb00303529d20a,true,noun,,boat,船,båt,,,,båter,båten,båterne,,,,,,,
wb_a79a2943cda257159d5b1ac1a5331f05272e8b68dbf8d7f71e68373a6159dba3,true,noun,,consideration,考虑,hensyn,,,,hensyner,hensynen,hensynerne,,,,,,,
wb_0745cc2b79c8ee1efe282876f36cf9b96e3c45e2f1b929d83c3b16c90b4930d3,true,noun,,decision,决定,vedtak,,,,vedtaker,vedtaken,vedtakerne,,,,,,,
wb_afd9d4cfc4d43ca573e45c94d9039afb3926368fdcaa1662068b40efcdc262a3,true,noun,,state church system,国家教会系统,statskirkeordning,,,,statskirkeordninger,statskirkeordningen,statskirkeordningerne,,,,,,,
wb_207ff145de3817375e3cd1794806ab763aae6b837a8655a085adf934a6ee0ec6,true,noun,,connection,连接,forbindelse,,,,forbindelser,forbindelsen,forbindelserne,,,,,,,
wb_7a7110cf881d6eb8496b210d25444216bbbfc6414c13b5d3a9decef36ee21a84,true,noun,,force,力,kraft,,,,krafter,kraften,krafterne,,,,,,,
wb_86867fba2e16146764e561b871107d15fdc1360897edf80b4d3610b661d831fc,true,noun,,meaning,意义,mening,,,,meninger,meningen,meningerne,,,,,,,
wb_f001b64336ac893ae6338adea6bfd59cb5b824993c2490c919c3797c53785157,true,noun,,damage,损坏,skade,,,,skader,skaden,skaderne,,,,,,,
wb_a732a42ec835177448bcef898297da392649177509e394d9e93d07964e199528,true,noun,,knowledge,知识,kunnskap,,,,kunnskaper,kunnskapen,kunnskaperne,,,,,,,
wb_c7e6a13ce2b015521dbbe5d23aa0685a5530f3f0c0f14b1a4180f7fb9d8253e5,true,noun,,consequence,后果,konsekvens,,,,konsekvenser,konsekvensen,konsekvenserne,,,,,,,
wb_0463115ad6f3bc541860920b3d834a11e5ea873864aac2a3ae276b67ccd69a90,true,noun,,summer,夏天,sommer,,,,sommerer,sommeren,sommererne,,,,,,,
wb_85fad7be151f5d2c444fd6a59152214abf9808e7c442135f80d09f029ffcb23b,true,noun,,context,上下文,sammenheng,,,,sammenhenger,sammenhengen,sammenhengerne,,,,,,,
wb_9c7d3cae46576ee382c74bf19c6270a9d46a34b76c3a969bde0225115a275ac1,true,noun,,rest,休息,rest,,,,rester,resten,resterne,,,,,,,
wb_4478afef2ed767b72b65024a79e41e55ad075b6338e7bfe241d7427f5538578d,true,noun,,believe,相信,tro,,,,troer,troen,troerne,,,,,,,
wb_6077c754e0fc6c06a2c5bec5e7de72b7be1f228841d315e21d1072da3b460431,true,noun,,ability,能力,evne,,,,evner,evnen,evnerne,,,,,,,
wb_8c1a9153ca33389ad3ac5573924db6f4762d86d0b2dcbbe32109112b439be7df,true,noun,,number,数量,antall,,,,antaller,antallen,antallerne,,,,,,,
wb_dc458f0f1e7002d0ef2f731a9ed5dd5d109049893d30eb8edfc08dff596730d2,true,noun,,criticism,批评,kritikk,,,,kritikker,kritikken,kritikkerne,,,,,,,
wb_ac040e72bac4e6f2509db926e05d7035bbd91a68bcd0a5cd6c289467c0c198f8,true,noun,,culture,文化,kultur,,,,kulturer,kulturen,kulturerne,,,,,,,
wb_677fa5daf02dc51f293ca0f02f3984584285f1ebf8e16e1787e186c1aeb74a0b,true,noun,,attitude,态度,holdning,,,,holdninger,holdningen,holdningerne,,,,,,,
wb_878e08f652b0474c304e36ccc436c762ad2be1ade7cd2073da9876d352f8efb0,true,noun,,child welfare,儿童福利,barnevern,,,,barneverner,barnevernen,barnevernerne,,,,,,,
wb_12d5657cbde82cec4aebcc5841d37cb179fa3da9bed03389872076603155103d,true,noun,,alternative,另类,alternativ,,,,alternativer,alternativen,alternativerne,,,,,,,
wb_9ffe07a0e9005be606dceaaca76db59ac14293f50b4e10c2d56454bf89a05143,true,noun,,impression,印象,inntrykk,,,,inntrykker,inntrykken,inntrykkerne,,,,,,,
wb_5f36b6c0b5dcf7d37dc03298bac5bc4878e3745c3d7e931f0031a748adb7961f,true,noun,,content,内容,innhold,,,,innholder,innholden,innholderne,,,,,,,
wb_c778c48536d934f472ec973ef6d75986194c2d6888cb90dbe11e7e33c2ae1857,true,noun,,letter,信,brev,,,,brever,breven,breverne,,,,,,,
wb_66df6b8c27a51b00693008003c4ed4f9019c0fce20dcc3e481a243122dcc0113,true,noun,,rebel,叛逆者,opprører,,,,opprørerer,opprøreren,opprørererne,,,,,,,
wb_0727769ff60c38b9745ea8f54b0f5711a2e6f92ace61164473967e7215bc8cc9,true,noun,,apartment,公寓,leilighet,,,,leiligheter,leiligheten,leiligheterne,,,,,,,
wb_8def8fc4da2ecc2c5e1ab65c38032950c955f9d3a8a3fc30ef5c80d47340d239,true,noun,,product,产品,produkt,,,,produkter,produkten,produkterne,,,,,,,
wb_0ffcd0ed605411f5d4a56857a59d5acce535be2f03130735d796603b086c678b,true,noun,,focus,焦点,fokus,,,,fokuser,fokusen,fokuserne,,,,,,,
wb_43574930ad56a1a796a48c824c9129df058561a7e5ad567baf2ddba819a090f5,true,noun,,peace,和平,fred,,,,freder,freden,frederne,,,,,,,
wb_55ea66c0104794cdfcee0ec812607cbc7145ba4865cefc233a1345190195fe88,true,noun,,text,文字,tekst,,,,tekster,teksten,teksterne,,,,,,,
wb_1f54f4a776701d91fc86f5e1041deb08be25d2833f9f6b2483d4a1d0c6995f95,true,noun,,respect,尊重,respekt,,,,respekter,respekten,respekterne,,,,,,,
wb_b20be235d18af6d7069dcc878ac67023302fb024b5a8496d96da27c40feef356,true,noun,,threat,威胁,trussel,,,,trusseler,trusselen,trusselerne,,,,,,,
wb_d03d494563dadd5b3fbd0a46119b865c980c893d297ecc13e0ff09c7bf13c001,true,noun,,dead,死了,død,,,,døder,døden,døderne,,,,,,,
wb_e74253ffb1321e1a2b0863114f7feeebc715e9d787b7e6dbafd1fcb53325596d,true,noun,,kind of,有点,slags,,,,slagser,slagsen,slagserne,,,,,,,
wb_1ace053a850e023267dd757482dcf6b3098d34eba075afc1aaa8770f27c2b7ed,true,noun,,witness,证人,vitne,,,,vitner,vitnen,vitnerne,,,,,,,
wb_4fd241d645c7b8429e935ac22e5866086ab27ec6ce509ade23d712746106d7e9,true,noun,,expression,表达,uttrykk,,,,uttrykker,uttrykken,uttrykkerne,,,,,,,
wb_6b3c25330477c31732b10ec43d4ce8c0c72d8031efbf242ec9e304311c4830f6,true,noun,,bag,包,veske,,,,vesker,vesken,veskerne,,,,,,,
wb_c95aa91ccf6ebd3887e4e8e9923013732365300a9cad14947f463a1350f3afe3,true,noun,,advice,建议,råd,,,,råder,råden,råderne,,,,,,,
wb_3d75ae5255487aa7d3044b81b3420a9f6132154d20e972cc3a11d3f8c88a3765,true,noun,,artist,艺术家,kunstner,,,,kunstnerer,kunstneren,kunstnererne,,,,,,,
wb_a6feffccfeb6ebd327eba700542831ae02835de4c8dc4ca8cdc06e31a83ee785,true,noun,,meters,米,meter,,,,meterer,meteren,metererne,,,,,,,
wb_f96e8b8d68f919bded3b56b45d541a37e0d890fcd0afb555c30eb4cc776668ff,true,noun,,tv,电视,tv,,,,tver,tven,tverne,,,,,,,
wb_00cc90ac7d940d0dfc8d27b9c8c645f5c14999f41d1e21592e4b759144d863bd,true,noun,,citizen,公民,innbygger,,,,innbyggerer,innbyggeren,innbyggererne,,,,,,,
wb_da7a677ea2498d0b2e5d6b1298f3529544b2b0afd09e0ddc5a1268bdcd9f354f,true,noun,,business life,商业生活,næringsliv,,,,næringsliver,næringsliven,næringsliverne,,,,,,,
wb_1aac9a8f96104215735da3036ed9d2063e26415c1bf142cf0ca0a72d969de57f,true,noun,,actor,演员,aktør,,,,aktører,aktøren,aktørerne,,,,,,,
wb_dcc3dc9b3af62652f7742314f4c55d84957394bead0a2589a7aa2ef28c8957f2,true,noun,,October,十月,oktober,,,,oktoberer,oktoberen,oktobererne,,,,,,,
wb_851f83c5e6455d19b9aafca9e77014e77eadc07709f67282c91ed66abc87eee0,true,noun,,Muslim,穆斯林,muslim,,,,muslimer,muslimen,muslimerne,,,,,,,
wb_a884460acd1d4a36a7d9b5819a09c47722b9203f7b2141131f48d26171994340,true,noun,,youth,青年,ungdom,,,,ungdomer,ungdomen,ungdomerne,,,,,,,
wb_25d23094448d6281db8283508511fd025a50661d57dd60863b58c5d0fc118a85,true,noun,,research,研究,forskning,,,,forskninger,forskningen,forskningerne,,,,,,,
wb_17f848ace95fece03bbca00fd033b4849edd563f4c892fd07f6e9d4aa38677f9,true,noun,,security,安全,sikkerhet,,,,sikkerheter,sikkerheten,sikkerheterne,,,,,,,
wb_729ef6737357247729b0e0c3694d20c2a97e08cc13d8e58467a344f356308381,true,noun,,income,收入,inntekt,,,,inntekter,inntekten,inntekterne,,,,,,,
wb_3ee6100262a39cc0cf0a944869d648d669b0fa079d6fb136434b6cd68a21862c,true,noun,,statement,声明,uttalelse,,,,uttalelser,uttalelsen,uttalelserne,,,,,,,
wb_b1c79fc673cb0f1849f8ba941b223509c49915a022c293f6dd2d3d7eb1620547,true,noun,,trip,旅行,tur,,,,turer,turen,turerne,,,,,,,
wb_7adb390a927c7efd2f608b06cb4d82868165d6db59a1170be79c78b5640a7dc1,true,noun,,offer,报价,tilbud,,,,tilbuder,tilbuden,tilbuderne,,,,,,,
wb_f17962cf953cfe0984466e53ddc4c1c30cf62998e5ea704ffe9d95039abcf2ea,true,noun,,population,人口,befolkning,,,,befolkninger,befolkningen,befolkningerne,,,,,,,
wb_6a3ea674c76684ec60464d77fc3eb88374fd3ff14de166a365faa11609d2a1b4,true,noun,,heart,心,hjerte,,,,hjerter,hjerten,hjerterne,,,,,,,
wb_8e6ee83b6def633171350ff1d5b5fbb4330b640ce467960032657ed43fb2ada5,true,noun,,folk church,民间教堂,folkekirke,,,,folkekirker,folkekirken,folkekirkerne,,,,,,,
wb_226bb1a821eb23b897635913cb91f72cca7f17ea3b08963e843a2018b15dc46f,true,noun,,health,健康,helse,,,,helser,helsen,helserne,,,,,,,
wb_ee31997cd5c180055db8336d2436d9bc957d7b8ef0b94510f3a21fba3224ffc1,true,noun,,error,错误,feil,,,,feiler,feilen,feilerne,,,,,,,
wb_e0844f1f0becd40fc8e0557ef14a40dbf22536536866965b3a496e884d8957db,true,noun,,season,季节,sesong,,,,sesonger,sesongen,sesongerne,,,,,,,
wb_c793e219268f456906ef96f986369846035e418c64918ed728853d874da77537,true,noun,,posts,帖子,innlegg,,,,innlegger,innleggen,innleggerne,,,,,,,
wb_c0fd5615cce4f930ac3310d8066ada8c654c8adc76e926ed5732dbe7df54d024,true,noun,,attack,攻击,angrep,,,,angreper,angrepen,angreperne,,,,,,,
wb_f667692d11f428136504291854f80595b19cbba64183f69bfe1f902e9fac88f7,true,noun,,energy,能源,energi,,,,energier,energien,energierne,,,,,,,
wb_f5fa9bf7633af56d5da86adb9070e84b185aca5ce1df9666d8b5f9b5ae6ae5c9,true,noun,,practice,练习,praksis,,,,praksiser,praksisen,praksiserne,,,,,,,
wb_96c7ecca28e5c63662f3fa7f2785c3d4fe9bbc78a392d4a2a4fb10ce52c099fd,true,noun,,system,系统,system,,,,systemer,systemen,systemerne,,,,,,,
wb_c6f88f233862be61d694d00abe25c19c415f61daba07040c3dd208fd1fdadac6,true,noun,,determination,决心,bestemmelse,,,,bestemmelser,bestemmelsen,bestemmelserne,,,,,,,
wb_827949c485deab01dbceb9e189dba23aeca9f8f71c392d5cf2ab9295ed0e07ac,true,noun,,data,数据,data,,,,dataer,dataen,dataerne,,,,,,,
wb_ef38a7e39faaba4ea9e925b3b400cc8cd30ac34ed577f5bd3cd96c8e3b956b91,true,noun,,song,歌曲,sang,,,,sanger,sangen,sangerne,,,,,,,
wb_909014d4222ab98fc2465ff5c4bb969d9565d8a0d2138bf379d22aee768d424f,true,noun,,effort,努力,innsats,,,,innsatser,innsatsen,innsatserne,,,,,,,
wb_db8f7783fc7cbbb1fa4bc2776cca71bdd427c4f2bf47db1cab5921fed91ddf93,true,noun,,democracy,民主,demokrati,,,,demokratier,demokratien,demokratierne,,,,,,,
wb_8bac9ec00d796a53703609fafdaa83c068230d7f384e9960ac07b8a6edae5c3a,true,noun,,point of departure,出发点,utgangspunkt,,,,utgangspunkter,utgangspunkten,utgangspunkterne,,,,,,,
wb_4abe3add1e690cffcf90109210f92a9c3be0538e2da12a4f264bfd72d8271d85,true,noun,,future,未来,fremtid,,,,fremtider,fremtiden,fremtiderne,,,,,,,
wb_e47980c05fb066a6d5081974a0869208de9f08675287dff038ef61853f9fd02b,true,noun,,capital city,首都,hovedstad,,,,hovedstader,hovedstaden,hovedstaderne,,,,,,,
wb_71e04e6417c9b5b5830960fee5d6c58c053389ab64ba2d6dde6311263cbf9791,true,noun,,researcher,研究员,forsker,,,,forskerer,forskeren,forskererne,,,,,,,
wb_089163bd6f4f898f498dc3b992b10f68fa4290ce7df5ad3cf0ceb96afff04175,true,noun,,lane,车道,bane,,,,baner,banen,banerne,,,,,,,
wb_6f795f0bf594c17a270a341dcee1f0b5d18c882e5ae90356ac9b0233301df06d,true,noun,,theme,主题,tema,,,,temaer,temaen,temaerne,,,,,,,
wb_2b4326a8928ac336bc6be1f9b2f6f97e4bec6d11470a5ce7e8ca92907ce563fc,true,noun,,type,类型,type,,,,typer,typen,typerne,,,,,,,
wb_9f9d76e636b8f463d761d3d7df2057cb642bf1018ad3e90a87a9882c919c6896,true,noun,,light,光,lys,,,,lyser,lysen,lyserne,,,,,,,
wb_0088a4d52c1600c9a1f1310741ecbfaa1e814ab8d50c8c0d4e5ec70d9851c0ff,true,noun,,murder,谋杀,drap,,,,draper,drapen,draperne,,,,,,,
wb_2da0df31764d6c36fbe3b3f7bec33e73e31dfafefe7552845bc39d90103caf60,true,noun,,treatment,治疗,behandling,,,,behandlinger,behandlingen,behandlingerne,,,,,,,
wb_622e7ba00a1afd7aab5975db544d42ed63ad547f1492f7e1669e161c552778ae,true,noun,,position,位置,posisjon,,,,posisjoner,posisjonen,posisjonerne,,,,,,,
wb_f34a22bb6d9bd4d480ea4b634bfd1abfdf85f6b0975b1e01760b1b22eb33bcab,true,noun,,desire,欲望,ønske,,,,ønsker,ønsken,ønskerne,,,,,,,
wb_09884b3fff567896b695c7863f81c5d2a1c12e58af3a757071d97b8d59faa5f6,true,noun,,discussion,讨论,diskusjon,,,,diskusjoner,diskusjonen,diskusjonerne,,,,,,,
wb_f64506d498ba9c35dfb944f1726d79757f7570c007342b16a520d2d588baed3b,true,noun,,program,节目,program,,,,programer,programen,programerne,,,,,,,
wb_46c235024d85a01743c31b6646dfcbdd758ccd0c8e896fd06981416f85d5844d,true,noun,,nature,自然,natur,,,,naturer,naturen,naturerne,,,,,,,
wb_c4cba67830bf54c565ab5ec724d9aada02776d3dec06bd2e975d61245d6136ca,true,noun,,reality,现实,virkelighet,,,,virkeligheter,virkeligheten,virkeligheterne,,,,,,,
wb_35c076bccc85d1edb31de2a34b74b094588774c4f9edefbe724f85798df3bef0,true,noun,,occasion,场合,anledning,,,,anledninger,anledningen,anledningerne,,,,,,,
wb_b5fa11dfa0d4172336c0e78cc80fa9bedfce05160631f0f504dcc4a033b9210d,true,noun,,follow,关注,følge,,,,følger,følgen,følgerne,,,,,,,
wb_87dfb60fdf8408414f2e9868fb08a0870b3762a145c5c57f36f9eb45055ad2dc,true,noun,,joy,喜悦,glede,,,,gleder,gleden,glederne,,,,,,,
wb_5aff912055856c8dc87def2c16d59ba32e5b0bcd9080654eba46ce7a6121bc0c,true,noun,,growth,成长,vekst,,,,vekster,veksten,veksterne,,,,,,,
wb_628cc435cd4543bcd058f072ba20bd6c80814e84abbd931ca4611f293d66abf0,true,noun,,danger,危险,fare,,,,farer,faren,farerne,,,,,,,
wb_bac16ef1dca0b2432d376f8109af8823ec893ffae95ed744df4a79a3a424c1e6,true,noun,,telephone,电话,telefon,,,,telefoner,telefonen,telefonerne,,,,,,,
wb_02852c25bba92f780c76669e100feec5c09ef027474b844067560b676935329a,true,noun,,street,街道,gate,,,,gater,gaten,gaterne,,,,,,,
wb_b7f9f03db254645e14cb46d39b5768e5b8b6d66e460f3710e090636d641ed9aa,true,verb,,ha,哈,ha,ha,haet,ha,,,,,,,,,,
wb_9d29eb32b8b9764f8425179e3dad825935b3f1543b8b890ddd6b1c082edce7f6,true,verb,,say,说,si,si,siet,si,,,,,,,,,,
wb_0b867223c587fadfdf91f3f84a8ee37db0eab6511f3edb6382dce7be1ac78fb1,true,verb,,stay,留下来,bli,bli,bliet,bli,,,,,,,,,,
wb_fc15d865336a8bac8dda4ad7dc008c0ca99365c87738204fecf822a805321588,true,verb,,few,几个,få,få,fået,få,,,,,,,,,,
wb_e9d4d2b92b484c6acab7b083087b9db21455d7059d94ebe910777e5ee411d6bb,true,verb,,come,来吧,komme,komme,kommet,komme,,,,,,,,,,
wb_07d1888e9faf62ce0604ead27299f5c7360728381042d102793481f581c335b7,true,verb,,take,采取,ta,ta,taet,ta,,,,,,,,,,
wb_7768ed8bdc68a61d6d29b45408001bc0c791790f4fe5aa27309116cf1e4cd093,true,verb,,be,是,være,være,været,være,,,,,,,,,,
wb_b1e00a756ad758823ea61234d519240c169f78ea4325d601ef325c6b9d59a96d,true,verb,,do,做,gjøre,gjøre,gjøret,gjøre,,,,,,,,,,
wb_e455c89210197038f995214281ca83b597df4e02a5a67b7f2ff1e5cb8f0a6f0f,true,verb,,go,去,gå,gå,gået,gå,,,,,,,,,,
wb_8aea6d6b4ad5a10bd032839fad7298fd23a1725873ab019994ec8b18baa715c2,true,verb,,look,看看,se,se,set,se,,,,,,,,,,
wb_aa0c9f862e5dd06d11247c5fb724dc397dd575b2fae227e5eefdfb6a8c809c26,true,verb,,give,给予,gi,gi,giet,gi,,,,,,,,,,
wb_78d6774ee5e1d41d020f7b2165a30ffc4f2230b174bdc6f1ea46a4df9d2d5ab6,true,verb,,mean,意思是,mene,mene,menet,mene,,,,,,,,,,
wb_616d0348568eb8999a9290c31773efa4fc0249702cd5f166d56640f524da410b,true,verb,,stand,站,stå,stå,stået,stå,,,,,,,,,,
wb_64db50ae73e0be5d9d9ec9bbf084dd4da53b395351aed17455729c4284d79ab1,true,verb,,add,添加,legge,legge,legget,legge,,,,,,,,,,
wb_360fb7dcd6dff54dc9cdd81fc8f09ef22e2d99f9dd2478d2a0714a6de31aed43,true,verb,,display,显示,vise,vise,viset,vise,,,,,,,,,,
wb_014b74c2282b9181585ab6e09b031b8cf5c75b29d3bf9f7d3f8a004f725e35f0,true,verb,,use,使用,bruke,bruke,bruket,bruke,,,,,,,,,,
wb_5dfa29b20d3e35dd00704ccbb4844844c07a4df37dd1acd7e7321d55687d856f,true,verb,,know,知道,vite,vite,vitet,vite,,,,,,,,,,
wb_caece37af8bd61479951635f34a4959943c7df79345c890309860d5e53fa11fa,true,verb,,write,写,skrive,skrive,skrivet,skrive,,,,,,,,,,
wb_2f79769a00061a0bf0a7c55806624404dbaa4836f881e09347cb767075db9a51,true,verb,,lie down,躺下,ligge,ligge,ligget,ligge,,,,,,,,,,
wb_91164afe5ef593cc8957c28d265067117a1ec6adbcc6de41aa305f081e356003,true,verb,,set,设置,sette,sette,settet,sette,,,,,,,,,,
wb_86413dd767c0727732d4d1f41cc3995978f85a0bb3e59df6043518a632fe5756,true,verb,,happen,发生,skje,skje,skjet,skje,,,,,,,,,,
wb_d4ae8abbdfa1c0b4ad034034ac2f0546a3080f0b884e345aff00e793f6550248,true,verb,,think,认为,tenke,tenke,tenket,tenke,,,,,,,,,,
wb_e1b21025d089e081e95a45cb9f3d8211f00a2c4f9ef7e3122add634dd28558df,true,verb,,tell,告诉,fortelle,fortelle,fortellet,fortelle,,,,,,,,,,
wb_2941fe3accba5ec29888b324b5beb4a74ca09785550c1ca91461b441b288fd80,true,verb,,find,找到,finne,finne,finnet,finne,,,,,,,,,,
wb_efb81d0d34dd97fb04f1cf99c34a3a7275533c9f4e091183137515f6587b6cf9,true,verb,,hold,保持,holde,holde,holdet,holde,,,,,,,,,,
wb_dfc83cbb6e80a5c97367920722926909037cf70af35ba6afda9338b5fb19f2fd,true,verb,,apply,申请,gjelde,gjelde,gjeldet,gjelde,,,,,,,,,,
wb_01412e14989d9ccc5ea6173e5b26e0b35ec03270f10a2540d1a624abed7284e6,true,verb,,talk,谈话,snakke,snakke,snakket,snakke,,,,,,,,,,
wb_664152f42ee3d291470130212a14cec43c00407d6b3b313b377c1bfee7197f83,true,verb,,play,玩,spille,spille,spillet,spille,,,,,,,,,,
wb_94cce58a259a41e0b7453167cb4db75c2442fcf4fd2d1ae3b488bbf0efe3d031,true,verb,,begin,开始,begynne,begynne,begynnet,begynne,,,,,,,,,,
wb_0a29a358cd23cb169a2441f9ae46115ddfe9eb39cdd0b8eda9598fd37509ad1b,true,verb,,exist,存在,finnes,finnes,finneset,finnes,,,,,,,,,,
wb_671ff46edf8262431d970e4480986afee68961eb45b29092db52115f0043a81c,true,verb,,seems,似乎,synes,synes,syneset,synes,,,,,,,,,,
wb_a320125bebaf3ddd544ec9d2e9f7ebed050fdb07f662e03ef4285f967bf250de,true,verb,,sit,坐,sitte,sitte,sittet,sitte,,,,,,,,,,
wb_cecb4b4539ba72752df5c882e1ea34e38816d46face3c5d950137dbf2e2b45fc,true,verb,,win,赢,vinne,vinne,vinnet,vinne,,,,,,,,,,
wb_248fae238e3fad7a38006df443dcc387c9881a098ff6b50e5b0434ec80766a12,true,verb,,clear,清晰,klare,klare,klaret,klare,,,,,,,,,,
wb_968c0f1a03de5a14f15965af137621fa72cdaf84bd9d32a7908f3eb06d9cfc0d,true,verb,,lead,铅,føre,føre,føret,føre,,,,,,,,,,
wb_23cbacdee200699fb0323dfe524a229901c3e33c8f23c583ffadfe43fc190b22,true,verb,,know,知道,kjenne,kjenne,kjennet,kjenne,,,,,,,,,,
wb_e935a4fa635a714161b051ea05d3f49c49234f512a59282fea04c27b6ba35e10,true,verb,,work,工作,jobbe,jobbe,jobbet,jobbe,,,,,,,,,,
wb_d5d46e2eefc6acc01c8c1ed6a1fb001c88ced3149e3229b7ea4b0fc2658811c8,true,verb,,build,建造,bygge,bygge,bygget,bygge,,,,,,,,,,
wb_dbf5e5cc6ad8e7e0706ec875f4dc27740f54638da20c5a7e7a0aca1a0540c84b,true,verb,,live,直播,leve,leve,levet,leve,,,,,,,,,,
wb_ac27cca61cc65da6148bb4dfc9468d005a5e1a2315cce451425c5dedcc36301c,true,verb,,read,读,lese,lese,leset,lese,,,,,,,,,,
wb_ee92ce0c5ebaba8e7ae239ddaf4ab4be79ffc7628675b6ad621e77401a93e28c,true,verb,,send,发送,sende,sende,sendet,sende,,,,,,,,,,
wb_81679a4114110fd88e5ab8c1e3f8aded7fe00025111cc3e87ac1a9d1c75f130d,true,verb,,choose,选择,velge,velge,velget,velge,,,,,,,,,,
wb_9165922b6919f5f27908412aafc07da94701dd29e81cd482adc22ccb68debbac,true,verb,,ask,问,spørre,spørre,spørret,spørre,,,,,,,,,,
wb_3edd0a47f3323b4f79782d739becfe30e7e1a6cbccb2883d9985be7f433938b6,true,verb,,hear,听到,høre,høre,høret,høre,,,,,,,,,,
wb_1eee4af18e300fe98d456538105d7093b360934485e8fbfebc24abb392401f8f,true,verb,,create,创造,skape,skape,skapet,skape,,,,,,,,,,
wb_819f3af3480dda945e1ae6a86f8e4fd474954fae555110b8db83ca013b5c2306,true,verb,,quietly,静静地,stille,stille,stillet,stille,,,,,,,,,,
wb_9235cc6f370c18150cbe894fec6eb5e61463a4766c7c6e8ec1191d43f65cb64d,true,verb,,increase,增加,øke,øke,øket,øke,,,,,,,,,,
wb_0e6d32b6baad3278e2c4d116f2370510a7d1894e406ac6c9e5f370792c54b297,true,verb,,buy,买,kjøpe,kjøpe,kjøpet,kjøpe,,,,,,,,,,
wb_006e4d99b43ad27016efc6f8cfceb63e6244c981de98f4f3cfae2323784de11a,true,verb,,contribute,贡献,bidra,bidra,bidraet,bidra,,,,,,,,,,
wb_6697ccd9b88e74eac346d9c89265bd0ebc4ace99e742adc5e954aee13d9e416c,true,verb,,need,需要,trenge,trenge,trenget,trenge,,,,,,,,,,
wb_13df077f3ad88944693710b624d4d1a5f284fa47ef2d18dc44083a17b125dc03,true,verb,,hit,击中,slå,slå,slået,slå,,,,,,,,,,
wb_41a15ff92bcd078a92ee6171e673018b337d3dad0d82f396d9d575a98a8cae05,true,verb,,make,使,lage,lage,laget,lage,,,,,,,,,,
wb_bf3facfb039b17332a8d8a968958d64c429c5540d01a302b5c3cc3a1b8d9eabf,true,verb,,remember,记住,huske,huske,husket,huske,,,,,,,,,,
wb_dfeffaa24f23b190ddd62108f3f9724eff3a227a78c97ccd6cc99c134a9fe32e,true,verb,,wait,等待,vente,vente,ventet,vente,,,,,,,,,,
wb_fa27e49623e83b78a2e112d1c7843ae3faa6fb5bea83234ab3233f2a8fa33b77,true,verb,,feel,感觉,føle,føle,følet,føle,,,,,,,,,,
wb_be245c083a79b1e33a198adb19813ae282c20922a38c565f6e1c8f53f672069b,true,verb,,secure,安全,sikre,sikre,sikret,sikre,,,,,,,,,,
wb_0aeb82b6552b6cd24ab050899b754a2cc46ce012ae59729f92ad2a20c318a84e,true,verb,,mean,意思是,bety,bety,betyet,bety,,,,,,,,,,
wb_2caf1fee05fb82380e0132605e732b567e0b6b5f21ee7eaedc53740610cd6962,true,verb,,la,拉,la,la,laet,la,,,,,,,,,,
wb_450b29c6f7eb28cf70d57fee41a8ee1e7f52459b830ae8927fbfa47c66d8f54a,true,verb,,travel,旅行,reise,reise,reiset,reise,,,,,,,,,,
wb_766748340070cacfcb3693a53f61fa452fbd1817a48f9e9d5867ca191ae7741d,true,verb,,drive,开车,drive,drive,drivet,drive,,,,,,,,,,
wb_8d63c2a36262c1f80474499dae18cda46e94f2ff63f2ca78ea72248e0108d199,true,verb,,stay,留下来,bo,bo,boet,bo,,,,,,,,,,
wb_247f13238f07d036574b8f3e8b429a3bd5a3dd0a4802560f2f7a26d19769792b,true,verb,,understand,明白,forstå,forstå,forstået,forstå,,,,,,,,,,
wb_13ff540da4c073ddd863748838f59ab58507ee49e29a25ec8cce9a979b7a9561,true,verb,,experience,经验,oppleve,oppleve,opplevet,oppleve,,,,,,,,,,
wb_a3a9ff0c77d74c79197d621fe09abcc8099f369675fb7fbf16c153525067373c,true,verb,,pray,祈祷,be,be,bet,be,,,,,,,,,,
wb_54ee68f2ba4208b0202163ed60dd91a5921e067362df38de089526ae49d92063,true,verb,,drive,开车,kjøre,kjøre,kjøret,kjøre,,,,,,,,,,
wb_299a70c551af68757a70ddeb7996714ca6c9c2e1729400c5cfd8e8837fb8a727,true,verb,,sell,卖,selge,selge,selget,selge,,,,,,,,,,
wb_db1a19802f212581fb3a5fd77eb8bda020d7a67e38ba2152236bd22f0b56eab1,true,verb,,call,打电话,kalle,kalle,kallet,kalle,,,,,,,,,,
wb_f39ec9f969670e56f254c84f09b2ca7529974b91cebdc5cca7621c7b12f09f24,true,verb,,answer,回答,svare,svare,svaret,svare,,,,,,,,,,
wb_b3d2522305f521307a754dcee6ea343f6c69ee0f3bae6a247c2bdd8c7a8d7876,true,verb,,leave,离开,dra,dra,draet,dra,,,,,,,,,,
wb_a721bf788ee3af34088f5d900f059014590ad3f7cb05afe994930a95ef87dc80,true,verb,,try,尝试,prøve,prøve,prøvet,prøve,,,,,,,,,,
wb_e8bfb4f2f9fc100bef9df1b4a7d278efe657f2024b5c824bdbfdc1e81d8fbf72,true,verb,,continue,继续,fortsette,fortsette,fortsettet,fortsette,,,,,,,,,,
wb_342648ffe279f4352ac0b45a73720e0839e5eaf4c11a29ee42ec798fcc6e9d29,true,verb,,work,工作,virke,virke,virket,virke,,,,,,,,,,
wb_c7a6bc00a5fcc95bb11f2b518b905c393257ccec90afe3501de6c49047db0bd1,true,verb,,demand,需求,kreve,kreve,krevet,kreve,,,,,,,,,,
wb_67cb61393ccf08fa50809ff2192011b10490f1f7e91b36f7c786c339ce25679f,true,verb,,would,会,ville,ville,villet,ville,,,,,,,,,,
wb_cdba6efe99645c6a37263d93bbde46a04a05d4f2df66621546dc41ba4c9e9a88,true,verb,,hope,希望,håpe,håpe,håpet,håpe,,,,,,,,,,
wb_eb16597493f3ef5fffd48635c8f4933502301470a9e404af070d01b78ffa36cf,true,verb,,lose,失去,miste,miste,mistet,miste,,,,,,,,,,
wb_4ff2d0856275449f4d7ca6a34dd785ae0087e4927646d5fc84f32bdce3f7c36c,true,verb,,fall,秋天,falle,falle,fallet,falle,,,,,,,,,,
wb_ca753a5ff37f090be7cb2fe1979f4f075d1d8a908b950cb04e6b2cb324f9c1b6,true,verb,,pay,付钱,betale,betale,betalet,betale,,,,,,,,,,
wb_e5ad0371fa983c019546439583ae527df4c3b5172ad7db2ae1dd0bc262c1e07b,true,verb,,trade,贸易,handle,handle,handlet,handle,,,,,,,,,,
wb_41bf8d4399571135654bddb1ce4a7e341e1ba88c3ae3752aeaec88d1b7b08993,true,verb,,let go,放手,slippe,slippe,slippet,slippe,,,,,,,,,,
wb_f40dc1ef55d627b450e022770e359ea67fc8c1634550fd276f9ca61a251c3faa,true,verb,,open,打开,åpne,åpne,åpnet,åpne,,,,,,,,,,
wb_7316b084454a44778094a31c46e3aa26b1d1cfb2d92675fd4802213c73d1fc4d,true,verb,,learn,学习,lære,lære,læret,lære,,,,,,,,,,
wb_593429997be41f0de9571937458beb030cd8023b8fbc1762055f18f619ee15fc,true,verb,,call,打电话,ringe,ringe,ringet,ringe,,,,,,,,,,
wb_8dbdd5b4b1e1bdf2dd4392f272cce1f300adb5ac7d6057c7a445935f940ff5e5,true,verb,,help,帮助,hjelpe,hjelpe,hjelpet,hjelpe,,,,,,,,,,
wb_15210dd3b85fb532bd2f1579cbad9233c7d6f4bd8f80e0735591ddef93142201,true,verb,,work,工作,arbeide,arbeide,arbeidet,arbeide,,,,,,,,,,
wb_f029869b3c736d83d1ce732526d0fb474004922428832ba30f4c46421c9505d0,true,verb,,move,移动,flytte,flytte,flyttet,flytte,,,,,,,,,,
wb_6df937230ce52011ee7649e8017e3124644cab4df192801c4b385ae69ee23574,true,verb,,lead,铅,lede,lede,ledet,lede,,,,,,,,,,
wb_665b1c06b0f81033a19c3acdeafc7bc5511b028e72dbb3b67a46c92bcf56cb4b,true,verb,,assess,评估,vurdere,vurdere,vurderet,vurdere,,,,,,,,,,
wb_eb85ac698782b28fc0f04f250b432c3cbfc47b98410718c32fcd6d301bf41ffc,true,verb,,start,开始,starte,starte,startet,starte,,,,,,,,,,
wb_af54d03a79cffe93c0df403fe562a716c45964a86dec267e4554ca73770cadae,true,verb,,change,改变,endre,endre,endret,endre,,,,,,,,,,
wb_83564d569556b3a1ea1b47433e95d808ede2b11f9fa010c14d67c1b3d69318be,true,verb,,report,报告,melde,melde,meldet,melde,,,,,,,,,,
wb_b064f0bd93810da7b008818371edea4ed9b9c5875932e452c033aa86e611f51b,true,verb,,like,喜欢,like,like,liket,like,,,,,,,,,,
wb_14ce5532315152e0f04d12770b9a4db949d4ffbc443edae45d57dadc7e254a5b,true,verb,,draw,画,trekke,trekke,trekket,trekke,,,,,,,,,,
wb_e9faf2043e68b32cb7c4e91a9cef1fb34fafe28942379d8a4266293d40d947c7,true,verb,,die,死,dø,dø,døet,dø,,,,,,,,,,
wb_614c99b4039e6389fb775ac16c8f5135353f9222572085538d04ea571ea755d5,true,verb,,claim,索赔,hevde,hevde,hevdet,hevde,,,,,,,,,,
wb_88ec00167e38bb103ba8d3acb5a49d8948fd7516c7467940d5c809e1a62716f7,true,verb,,develop,发展,utvikle,utvikle,utviklet,utvikle,,,,,,,,,,
wb_7db40ca028cd2e2df68012c57599ccc99f2a61a9a52afd2ae452ac4aaa87af87,true,verb,,was supposed to,本来应该,skulle,skulle,skullet,skulle,,,,,,,,,,
wb_90a7faa68007611898eb31f68505167dc373cb30e4e8aac16222e75a18c95d78,true,verb,,recommend,推荐,anbefale,anbefale,anbefalet,anbefale,,,,,,,,,,
wb_5afeb0f7298d6f36a0d5e1846f7ded6023cc9879de9da524d0d7b61fc42b9aa2,true,verb,,try,尝试,forsøke,forsøke,forsøket,forsøke,,,,,,,,,,
wb_9c1e1188f10a87903322278093a2a36179b07f046e378fa0411ca3e042ace82e,true,verb,,stop,停止,slutte,slutte,sluttet,slutte,,,,,,,,,,
wb_006a9cd9a81ba6b55ba403aec903a2c73429bffb8ee18a57abad751e003a496f,true,verb,,frame,框架,ramme,ramme,rammet,ramme,,,,,,,,,,
wb_8a7012a1ba6b9c11263f259bdad16f846074e32f3713f335f7232d84a3a082f9,true,verb,,participate,参与,delta,delta,deltaet,delta,,,,,,,,,,
wb_33c19089eeea84736368edb1f2dbdf40ff4fcb89ff757effb0d37430a7dc4ae7,true,verb,,decide,决定,bestemme,bestemme,bestemmet,bestemme,,,,,,,,,,
wb_0d1b14988e2f0983e88ce928b8f674df31df2bb868e6f90d23295e9d8e4f274f,true,verb,,explain,解释一下,forklare,forklare,forklaret,forklare,,,,,,,,,,
wb_cb3874fe80e679a5d37f1e039770e2fe83b5e9231f1fdab20878835bbb081d7f,true,verb,,postpone,推迟,utsette,utsette,utsettet,utsette,,,,,,,,,,
wb_60e0e0193260162a67c0a6967f381b27f47936d96c9c5d324800dbbd5122dc50,true,verb,,fear,恐惧,frykte,frykte,fryktet,frykte,,,,,,,,,,
wb_d936e9b450c5047845f64bd10906577eeb71507a1e359242f1aad12eb9b230ae,true,verb,,notify,通知,varsle,varsle,varslet,varsle,,,,,,,,,,
wb_28643e0a4daf9e82d3efe9f9f80fca0a5b074a5b9477d2fcb10d7039dece935e,true,verb,,discuss,讨论,diskutere,diskutere,diskuteret,diskutere,,,,,,,,,,
wb_00cf0fb9513db677f67ed9c011093033fe22f625fbe54a6a7b9e4910d5c02f3f,true,verb,,could,可以,kunne,kunne,kunnet,kunne,,,,,,,,,,
wb_60746b7940643df2e3bbd6735d1ef10a7f8a65948d7a44d4b6896ce9246eaeaf,true,verb,,cost,成本,koste,koste,kostet,koste,,,,,,,,,,
wb_ea92f95486f585f35fb3b7508eebcb3f3a13859d174e61d40ad74ce9206bd893,true,verb,,fit,适合,passe,passe,passet,passe,,,,,,,,,,
wb_4a564dc96aae96deab175bcd1db21e3ee3b570f11fe8f998aa5233bd97b0f5e9,true,verb,,hit,击中,treffe,treffe,treffet,treffe,,,,,,,,,,
wb_1e4f4922c890038eab64ecb5327b759277b509bfd8781d7e84b3fbadd9e47f49,true,verb,,hang,挂,henge,henge,henget,henge,,,,,,,,,,
wb_043801bfec18cd48356b96325d42e3e3904df955a16825ddd2fd2adbd57cd75f,true,verb,,carry,携带,bære,bære,bæret,bære,,,,,,,,,,
wb_75448e6706199b932240e4c28f19ee1dcb512fdeb23ba6a7fb8b60772885947a,true,verb,,strength,实力,styrke,styrke,styrket,styrke,,,,,,,,,,
wb_293dad5df26dccf038a4b1197d641cbd7d7fdc206a456536c6faf6da69fa7f81,true,verb,,share,分享,dele,dele,delet,dele,,,,,,,,,,
wb_f49a11ae767859d0bb3ef13725df31b67a20a865f8f9c31fb7231082edb7afc1,true,verb,,collect,收集,samle,samle,samlet,samle,,,,,,,,,,
wb_0bf2cc39ce6510003fe34880fb650830d3d658320ed7a3d14a5bc3ef2691d04d,true,verb,,fine,很好,skjønne,skjønne,skjønnet,skjønne,,,,,,,,,,
wb_a39b15f124f455633090287a93492cec841413f85977b85183cffa785e620229,true,verb,,reduce,减少,redusere,redusere,reduseret,redusere,,,,,,,,,,
wb_bcdc16eedc2d4d85bb1a07427d23fe18b228e6a63b33ff2369dab76417e5fbe0,true,verb,,mourn,哀悼,sørge,sørge,sørget,sørge,,,,,,,,,,
wb_3aef5dfc18c4ea814c302662bdbd356e03ee7edeb36079081feb9effe55d6406,true,verb,,underline,下划线,understreke,understreke,understreket,understreke,,,,,,,,,,
wb_09c0d1b082472d99b0ce230902b2848734cbe583f51caf391f937801479b3177,true,verb,,hot,热,hete,hete,hetet,hete,,,,,,,,,,
wb_21b7619b4dce92f97e8162300ae574ba9bcc71c7be3a11a00a5f6eb0a8e4ce3e,true,verb,,exercise,锻炼,trene,trene,trenet,trene,,,,,,,,,,
wb_456a4e5444ca6e56e7cb8eba3c56ea66b710ef89c6738863ab15b71456cbe0ed,true,verb,,rain,雨,regne,regne,regnet,regne,,,,,,,,,,
wb_f70f297c5170b9c21a76e8997521f5e51684888537e0cabf0f0649c80312b3f2,true,verb,,deliver,交付,levere,levere,leveret,levere,,,,,,,,,,
wb_935e0b0efc17dcea5ea7a1f2fff9adb956e3d2e6d5bf747b6d5fa77fd15a3f04,true,verb,,fight,战斗,kjempe,kjempe,kjempet,kjempe,,,,,,,,,,
wb_ee8e982feba1f5af69ed8d71df3838fe762f510dd31c6db8ac1d6804247b3c89,true,verb,,point,点,peke,peke,peket,peke,,,,,,,,,,
wb_30d532455976f18417f7c8496b65df2e7757cc12f1516724d7c18974c438bb93,true,verb,,tie,领带,knytte,knytte,knyttet,knytte,,,,,,,,,,
wb_66bd4bf56417cc0004f10f8151fe1877dac496e8ba4087d5103aca1e75741a9b,true,verb,,kill,杀,drepe,drepe,drepet,drepe,,,,,,,,,,
wb_f1a07a6f48e4c0e49edf258414dff88c873007b53dd2687e1efbd21127d835b7,true,verb,,loss,损失,tape,tape,tapet,tape,,,,,,,,,,
wb_c85a66f11385291387ba30ae48cc7fa45ec1f8cec0a7073f4e05e205fa63cdce,true,verb,,cooperate,合作,samarbeide,samarbeide,samarbeidet,samarbeide,,,,,,,,,,
wb_16e29ac989a1131df9b2587f3e28c511893a6100c6a3569b3475819fb1af6fb1,true,verb,,end,结束,ende,ende,endet,ende,,,,,,,,,,
wb_96a3851ca5b2a57b33af22fecb130be850a81033e7844122ffa0701fe9db6ae0,true,verb,,react,反应,reagere,reagere,reageret,reagere,,,,,,,,,,
wb_10257bcb528287f622ac449ca83a4348670ba04416b79a0f7082899558c7caaf,true,verb,,pronunciation,发音,uttale,uttale,uttalet,uttale,,,,,,,,,,
wb_17e0976aa80d1a449dde5bdbbecc913174f488ddba8f4ac9391da72975c3d44a,true,verb,,receive,收到,motta,motta,mottaet,motta,,,,,,,,,,
wb_7a2b580473399558adbcbb49da63ad4ec385deb8db3b44a51870a81119eac034,true,verb,,carry out,执行,gjennomføre,gjennomføre,gjennomføret,gjennomføre,,,,,,,,,,
wb_310fcd80ce6bc5d78b1ac5ed17d5b5f4d9bd828d2f1c24570b31fd23b3ddeb55,true,verb,,process,过程,behandle,behandle,behandlet,behandle,,,,,,,,,,
wb_12a12b446abe682d435848755e35734ae12b6d1d4cb70549d48b5c9a53c67e88,true,verb,,adopt,采用,vedta,vedta,vedtaet,vedta,,,,,,,,,,
wb_05b6a98460b15876f2d452876726625e949777112ee25a471f74111f502aaebe,true,verb,,bet,打赌,satse,satse,satset,satse,,,,,,,,,,
wb_3ef0dffc8061e65b7a1293ab431a973c958b0b6364909036954af3037e23c00e,true,verb,,declare,声明,erklære,erklære,erklæret,erklære,,,,,,,,,,
wb_0402b051864825a88dca75b171772246c5917fae46943936baa79fdf9308cea8,true,verb,,now,现在,nå,nå,nået,nå,,,,,,,,,,
wb_78ae609b6c9bcd14c9fac1b0667943af32e4f1aa78c408ff4974f608f862901f,true,verb,,remove,删除,fjerne,fjerne,fjernet,fjerne,,,,,,,,,,
wb_b01f4f0b368f6a2619920aeab153296f070505f52d541175198d46f91ce20d89,true,verb,,grow,成长,vokse,vokse,vokset,vokse,,,,,,,,,,
wb_041e41422defe54d263dbc5c4496b1e2928efa13fcc78d767d7669af36e60f8f,true,verb,,establish,建立,etablere,etablere,etableret,etablere,,,,,,,,,,
wb_dea3e04174545d2104902de57b6330aac0a2ef34e1c2deb25d8fc4ef676f4ef5,true,verb,,give birth,生下,føde,føde,fødet,føde,,,,,,,,,,
wb_2a4fc92acadfefb29207abe262a90aca351cdf1f92b312e6f5ebf6f556d1605f,true,verb,,toil,辛劳,slite,slite,slitet,slite,,,,,,,,,,
wb_37cdf06daef4fc6a61c20f7ced11eedbd043bcb01e3507c0fbeba49feeef31db,true,verb,,love,爱,elske,elske,elsket,elske,,,,,,,,,,
wb_7d30936aa7c261bf531705bc6cba1293da86f156e030a5f292a8746596888883,true,verb,,separate,分开,skille,skille,skillet,skille,,,,,,,,,,
wb_fba96acfb765ee9a025340305de30ea5eff60fca415f60ac72b8a14a90b929b8,true,verb,,introduce,介绍,innføre,innføre,innføret,innføre,,,,,,,,,,
wb_a13325b56c3d17a3acc6908480666764f3d77475373d26d5c0ac67329b4baf4b,true,verb,,imply,暗示,innebære,innebære,innebæret,innebære,,,,,,,,,,
wb_090010116713d7c353293dcb168661b2088fbadfea0639b840210e9818084586,true,verb,,rule,规则,styre,styre,styret,styre,,,,,,,,,,
wb_0427cac4f4460fed0c99b091669745b7522a5a14e3364eba354b8d085d89e877,true,verb,,forget,忘记,glemme,glemme,glemmet,glemme,,,,,,,,,,
wb_2d471b16038c06ee736b0b9a5e36f88c4466b3f88364998271e31739e137a905,true,verb,,suggest,建议,foreslå,foreslå,foreslået,foreslå,,,,,,,,,,
wb_e07706488220195ee99ad6a94074253e0bb45ff07b1435b8c7fb8d19cf214170,true,verb,,throw,扔,kaste,kaste,kastet,kaste,,,,,,,,,,
wb_c7b6c37e6b08a0a143b4c5c51c0fba5e2db46ee2eebce59a5cf520f593a08d21,true,verb,,pick up,拿起,hente,hente,hentet,hente,,,,,,,,,,
wb_532d26ae1fb48f81952346929495f55e1634a0503415e0249e35ead86cc9eb18,true,verb,,describe,描述,beskrive,beskrive,beskrivet,beskrive,,,,,,,,,,
wb_a6a2926667794387d9754bc989a7235dc0afed0855dc129005f4ada1ac1c1232,true,verb,,save,保存,redde,redde,reddet,redde,,,,,,,,,,
wb_e40aa84e8c780b818b3987be758dbbbdda9b2b9b1d142e2847ceb66dfd83c286,true,verb,,advance,提前,fremme,fremme,fremmet,fremme,,,,,,,,,,
wb_4e283c47e767fd4c5a9e6f4e0b30e41f916eb01ac60faa71c1a181b6e58476a5,true,verb,,eat,吃,spise,spise,spiset,spise,,,,,,,,,,
wb_6a6cf413516758b86e31765af86d1cc688298553938fc9d1694b80f83dcfb53b,true,verb,,apply,申请,søke,søke,søket,søke,,,,,,,,,,
wb_e5f77844e20d3733e29396d5b54c5b389ba9bf72326b2bf66f9deaa43a753520,true,verb,,count,计数,telle,telle,tellet,telle,,,,,,,,,,
wb_694d6994a3236510c7f63fd185ca5ef1cf2545a3baf3c8a02f373739300de65e,true,verb,,disappear,消失,forsvinne,forsvinne,forsvinnet,forsvinne,,,,,,,,,,
wb_de93342bc95fc25f5d1f26a91ae3e1f97b6c928f372e6805f7859127ddf688f8,true,verb,,shoot,射击,skyte,skyte,skytet,skyte,,,,,,,,,,
wb_2608d4eb66e714ea4db454888e35f474afd8db262ad5c653019fe1880e310677,true,verb,,confirm,确认,bekrefte,bekrefte,bekreftet,bekrefte,,,,,,,,,,
wb_2cf581d17e19217c7f333c5e52f93d4e7039bd42c32fc882c9c03ac22baf868a,true,verb,,mention,提及,nevne,nevne,nevnet,nevne,,,,,,,,,,
wb_09782e1cadc8d0b6066e0222f6f30d60873e7bea0650df900293e450140b47ed,true,verb,,influence,影响力,påvirke,påvirke,påvirket,påvirke,,,,,,,,,,
wb_94fb97ffbbc1a4c0cfffd34a0785ecb182a375a8ec56ca82122e5b3353cb0d8d,true,verb,,stop,停止,stoppe,stoppe,stoppet,stoppe,,,,,,,,,,
wb_11a0e231371e42d64bf395024a1aee0c14c58020ee7e1dfa9f542d2ec8032e30,true,verb,,take place,发生,foregå,foregå,foregået,foregå,,,,,,,,,,
wb_73d040921ff2142720c87bc4611eec26cc584b788521ee00fdd209b97c2515b8,true,verb,,keep,保留,beholde,beholde,beholdet,beholde,,,,,,,,,,
wb_a2c8e2ef99b7120b43ef6c8372a8b3b899dd04cd3b482ff0805aac654500ffcc,true,verb,,brand,品牌,merke,merke,merket,merke,,,,,,,,,,
wb_a144e2015d16fa560fd3888ed5bf2a8c69b511237cb730236aad2673c761d673,true,verb,,deceive,欺骗,lure,lure,luret,lure,,,,,,,,,,
wb_df510c20c5104ac790ee6258ebb11273a23492fb8a71e77fe5f579056876fd99,true,verb,,break,打破,bryte,bryte,brytet,bryte,,,,,,,,,,
wb_d3e70e3309f23738d982ec00f60076c853cddfdde1fd8f1f68ece2c07a47ee2d,true,verb,,fill,填充,fylle,fylle,fyllet,fylle,,,,,,,,,,
wb_e0c21b372e89a59541540b9a5f826560c0fc657360e3bf09c81ef9d6b7cc9e3b,true,verb,,function,功能,fungere,fungere,fungeret,fungere,,,,,,,,,,
wb_826ca98e11192e42b984f5875e253c0c06dea2bc3b59c74618117a7cb7289542,true,verb,,laugh,笑,le,le,let,le,,,,,,,,,,
wb_c866e1c1b2fbcffed309cf8c268bcfb9a53170ff307bc332ad808223a8a8b09c,true,verb,,decide,决定,avgjøre,avgjøre,avgjøret,avgjøre,,,,,,,,,,
wb_787100ffa5fc5c5f0b3da39b07e48b2d8cc88249a01c1e8ab89b9ce966ac3a4a,true,verb,,thank,谢谢,takke,takke,takket,takke,,,,,,,,,,
wb_2d616d75c2c05f1ce9b50740179d0ed54f2739f29cc8f7f2de2c41af2fda09bc,true,verb,,judge,法官,dømme,dømme,dømmet,dømme,,,,,,,,,,
wb_4263c2b7a27c75ede9572e8f5c4d435199ee51d643155cdb5e3f02fdc8eb7d94,true,verb,,serve,服务,tjene,tjene,tjenet,tjene,,,,,,,,,,
wb_e6b64ad5bc62cbaffaaf09e049b3a6898b02892d117ed87abbfcf981f76c8f75,true,verb,,invite,邀请,invitere,invitere,inviteret,invitere,,,,,,,,,,
wb_5e5f00c211b3ae84c72be783cd21f30350a8ecc3b489bd225c8d18f4ec35f34d,true,verb,,base,基地,basere,basere,baseret,basere,,,,,,,,,,
wb_1a94cb56bedafc98d92e68f0706db7a19f3f8da317eb1eba3c9d9fd0f44f261a,true,verb,,refuse,拒绝,nekte,nekte,nektet,nekte,,,,,,,,,,
wb_9cc30081623bd4cf0d4b515f54230aaeafa26c2d7c6b7dc225fb63dc8cacb67a,true,verb,,terminate,终止,avslutte,avslutte,avsluttet,avslutte,,,,,,,,,,
wb_fe153a19cff8701d1b1e4feecf1fc9903ae0c2c4a2524d75c2542d49e2f87397,true,verb,,promise,承诺,love,love,lovet,love,,,,,,,,,,
wb_66150ddfe6317573000134ca37a9859651dababdcf48d6973edfc7fdc5b07549,true,verb,,realize,意识到,innse,innse,innset,innse,,,,,,,,,,
wb_ad650868149db7ca77c4d5fb92ed7743bdb5de8a9c86a207d676aef8f2253c97,true,verb,,constitute,构成,utgjøre,utgjøre,utgjøret,utgjøre,,,,,,,,,,
wb_8a3fed0c0e20e294c6bba83c3722735909d58604a179613235de66d60ed3ebae,true,verb,,decipher,破译,tyde,tyde,tydet,tyde,,,,,,,,,,
wb_14ee3cbc62bfdc28210502074d9d38a496e776ca8ece5352b6b9bb61eb84333b,true,verb,,had to,不得不,måtte,måtte,måttet,måtte,,,,,,,,,,
wb_6afc2b778540fed4a5553d8ad2413a6724fdd6c99e6b3cc195c7e8225ae06744,true,verb,,expect,期待,forvente,forvente,forventet,forvente,,,,,,,,,,
wb_0ceee82d7a44c9cf271b6d1832c929bb19ca118ecca3efd1582a6c83f1f1defb,true,verb,,correct,正确,rette,rette,rettet,rette,,,,,,,,,,
wb_41bc9e284840fc48a3f69de30ff1b5112191611307c5b0973f6cf73385cf30ea,true,verb,,carry on,继续,videreføre,videreføre,videreføret,videreføre,,,,,,,,,,
wb_86ed04b5b73d061bc39a78bdff2972f6395b9137d3ff9f6b4866c4acac0fa9fb,true,verb,,test,测试,teste,teste,testet,teste,,,,,,,,,,
wb_0cc63604d32732c3c95d22a817cb016a888b05ff4a890db7990a620341aec28a,true,verb,,drink,喝,drikke,drikke,drikket,drikke,,,,,,,,,,
wb_2607c11a448bdc66aa3816990bace33083b73691820ff18e08397fdc3bf8a41c,true,verb,,place,地方,plassere,plassere,plasseret,plassere,,,,,,,,,,
wb_bc18b13df1ca45ba33c97fbaf6e81b97eb093dde8c020e556a456e0fc73be10c,true,verb,,impress,留下深刻印象,prege,prege,preget,prege,,,,,,,,,,
wb_ce54dd2d13e4b99a863277b916e006ea2b68081eacb4162a3126cba44dc5be85,true,verb,,check,检查,sjekke,sjekke,sjekket,sjekke,,,,,,,,,,
wb_3f6b504076aabac5422a5a152ba27bb44e9bbc63b2688ef849672eaa23fd8117,true,verb,,hinder,阻碍,hindre,hindre,hindret,hindre,,,,,,,,,,
wb_f58e68574bf7f3dca60d6a11976d572e623a43a1307a68d0931b5d6cc7a9ac1f,true,verb,,point out,指出,påpeke,påpeke,påpeket,påpeke,,,,,,,,,,
wb_aa2ee47e5b06b7da7ab33b704753468aaab7283c3b6ab478e776dba5a409c319,true,verb,,leave,离开,forlate,forlate,forlatet,forlate,,,,,,,,,,
wb_f27d3446f1a4861f19b8472bdbc65c8084d26eef80aa3717c99a2bae3e1a29c6,true,verb,,assume,假设,anta,anta,antaet,anta,,,,,,,,,,
wb_27d2ba669f8d889acededd61a147044c465a5446441b75e39222a144b710baba,true,verb,,weaken,削弱,svekke,svekke,svekket,svekke,,,,,,,,,,
wb_bbdc6dc1e5b203c8610aac137986e4c696a8baf8a60a9eb24a94085e24065179,true,verb,,missing,失踪,mangle,mangle,manglet,mangle,,,,,,,,,,
wb_0677c736deb7226f7b4735ee80a0af100ab1225ed8a33ec56fcbb67a35aefac9,true,verb,,fly,飞,fly,fly,flyet,fly,,,,,,,,,,
wb_b9a482d2dfd39d30f99410cadf9de7090adad94a3bf41a1828317b661d136adb,true,verb,,take over,接管,overta,overta,overtaet,overta,,,,,,,,,,
wb_49385d0bbc07475810df0baf80e7ee5f84666122c56818dfd78b086a7364a036,true,verb,,exchange,交换,bytte,bytte,byttet,bytte,,,,,,,,,,
wb_5b4191e5b019d36c3631163ac92189403906e94226e3b59360359f75cd8f9cb0,true,verb,,inform,通知,opplyse,opplyse,opplyset,opplyse,,,,,,,,,,
wb_98ff3319fec171dc6b7313fbc3714546f3f6236180987db484e20f49535f6c3d,true,verb,,produce,生产,produsere,produsere,produseret,produsere,,,,,,,,,,
wb_6c3e74247a808746bfba89af2ad4a73bb88ffe0b74f014005e22e5e7868a610d,true,verb,,promise,承诺,løfte,løfte,løftet,løfte,,,,,,,,,,
wb_fdf0e045e2c633c8f04066cd64da246a62048eb657b7cfa7f07ea4f87f9c5624,true,verb,,memory,记忆,minne,minne,minnet,minne,,,,,,,,,,
wb_d384f0928b5d6a30dac78610cf62c532cb80e5e7c8403cc4da365218f7b1ae2f,true,verb,,apprehend,逮捕,pågripe,pågripe,pågripet,pågripe,,,,,,,,,,
wb_b2b9e587641a2f79fe839039cb1d563f7d25572379eebe8f2e43a955fd139983,true,verb,,succeed,成功,lykkes,lykkes,lykkeset,lykkes,,,,,,,,,,
wb_85e5a4e399afe57d08f3b1d47badd0e4c48185b86d5d36180f3db3ef8ec06c8c,true,verb,,take care of,照顾,ivareta,ivareta,ivaretaet,ivareta,,,,,,,,,,
wb_26efa3afd614c6f160aed5d6973cdd02f3d85f9b8e63611f6544021ad915dc0c,true,verb,,allow,允许,tillate,tillate,tillatet,tillate,,,,,,,,,,
wb_8259626052f6dc238d1b7adf3c4ed1b18dd52a685850757a94d1711fe09dbfae,true,verb,,shift,转变,skifte,skifte,skiftet,skifte,,,,,,,,,,
wb_3c65c19e98fd113f255df53b36a7da8f4563ef9c4b947cc6067a3fce15356b85,true,verb,,dance,跳舞,danse,danse,danset,danse,,,,,,,,,,
wb_a18bc156626b5b0bb857e0c4def99eb66a16d28b2b1a512afdad6285bb4b6e4d,true,verb,,find,找到,befinne,befinne,befinnet,befinne,,,,,,,,,,
wb_dfbfdea53553f164f25d70b363303c3f4636309ca3b3498487cbcf21a90fe2c8,true,verb,,wake up,醒来,vekke,vekke,vekket,vekke,,,,,,,,,,
wb_7a193be600444fe79ed08eb76c7e855ce648538efb004ba79437fbe998a55b17,true,verb,,admit,承认,innrømme,innrømme,innrømmet,innrømme,,,,,,,,,,
wb_e570c566afccb47c37e8663662f43892e5714a3ff52f538e279fb28800d551e9,true,verb,,discover,发现,oppdage,oppdage,oppdaget,oppdage,,,,,,,,,,
wb_c4451602d35a227e952fa76ec87b4c5edcec2b3676c5d6e4249e9e8a73004ff1,true,verb,,appear,出现,fremstå,fremstå,fremstået,fremstå,,,,,,,,,,
wb_60d2e7687813a080a081465b44e6214113d5bd01a387866bd4f21b4da715a765,true,verb,,run,跑,løpe,løpe,løpet,løpe,,,,,,,,,,
wb_f1d9eb02a337816572b9dbfe6a61d95596cce07027ebe5aa2e20ff4222346265,true,verb,,shout,喊,rope,rope,ropet,rope,,,,,,,,,,
wb_55bb253b0de10bee97cba7bb980c8cf70f02f853a1ae6b4ab24cb175cc99fcf0,true,verb,,doll,娃娃,dukke,dukke,dukket,dukke,,,,,,,,,,
wb_82235964dafbed6091e0e08f49063166db73bc96ac9e99551d898463aa742d2b,true,verb,,perceive,感知,oppfatte,oppfatte,oppfattet,oppfatte,,,,,,,,,,
wb_c831a4efc31ff75b1a71b0bf3bca20889b3000e787347b887312fd158948a44a,true,verb,,obtain,获得,skaffe,skaffe,skaffet,skaffe,,,,,,,,,,
wb_7979ffad2c28558b86f91ed578afc06e8ec78f52bf24c9947e66466a9e27fec3,true,verb,,is due,到期了,skyldes,skyldes,skyldeset,skyldes,,,,,,,,,,
wb_eeca6f0076cda1bfeb38bb97c4e5c7e68eaa642c651ae8b72c34e3991278e481,true,verb,,contain,包含,inneholde,inneholde,inneholdet,inneholde,,,,,,,,,,
wb_3a6b4fab379e1c6327a8036445dfc71deea68f1ae64ac093e6fd22536a5bbe82,true,verb,,close,关闭,stenge,stenge,stenget,stenge,,,,,,,,,,
wb_3e7f964e567bc4748a98a037f7913f96a7a6ac3a5e75681b5d9e7e01fcbd48ff,true,verb,,suffer,受苦,lide,lide,lidet,lide,,,,,,,,,,
wb_45e479ac0c9c4bb877f49645914cc957ca7376c8fdac7ec33951b95cf9051917,true,verb,,lazy,懒惰,late,late,latet,late,,,,,,,,,,
wb_3f72eb779e7a19e2c0448ccb1d43d2f51666a070a8bd1e716ce7cd47ddf4f7f0,true,verb,,utilize,利用,benytte,benytte,benyttet,benytte,,,,,,,,,,
wb_2ace0562a90ee32f0499312c8ee3271ac0ed06109d70957cabab3087d2377e2c,true,verb,,stab,刺,stikke,stikke,stikket,stikke,,,,,,,,,,
wb_2920f05a5821e706e0e4d2fb4d42a0fddbf8e640c2b4447a9c60108fb7fe1eca,true,verb,,avoid,避免,unngå,unngå,unngået,unngå,,,,,,,,,,
wb_3ad213c45531d5cf8d5ab1794ced36d632fea97e16beabc765353df44d06d3df,true,verb,,turn,转,dreie,dreie,dreiet,dreie,,,,,,,,,,
wb_8a50c3a2594d7aadb575a166d06c560fb7034ef489db31821a7f36054c762371,true,verb,,present,现在,presentere,presentere,presenteret,presentere,,,,,,,,,,
wb_03e860fc5f59c7ba6aec7e200d92f415054a045337a661bd06accf65550a71c8,true,verb,,consider,考虑,anse,anse,anset,anse,,,,,,,,,,
wb_200118829bcf2303815c26e6fd1942d994fb5f4cccb25e7ab9461e56bf2b01ab,true,verb,,represent,代表,representere,representere,representeret,representere,,,,,,,,,,
wb_9006af89273c79ed22185f863dd554241ca7aec4f40c0df10157a5879cefb166,true,verb,,threat,威胁,true,true,truet,true,,,,,,,,,,
wb_855673faa4ea203a2e57d252c1b79086988f3284e03b336156a01a421177b610,true,verb,,force,力,tvinge,tvinge,tvinget,tvinge,,,,,,,,,,
wb_01ea9ae2ca4109e07574cf71d55857b9d719ca7a24235d1a0eb7838a2294128c,true,verb,,pass,通过,bestå,bestå,bestået,bestå,,,,,,,,,,
wb_7881a35fa65796fdb12891689359ce166c6c57fdc8a8106aa586bef748122c9c,true,verb,,survive,生存,overleve,overleve,overlevet,overleve,,,,,,,,,,
wb_16a522c80baf76f7026fa200580d2415edf71f572c41a3639c309baba03408c3,true,verb,,enter into,进入,inngå,inngå,inngået,inngå,,,,,,,,,,
wb_695213be8d770b2de4760c1b203bd6ba2fe01870917ed806672fa0ec1a9219be,true,verb,,accept,接受,akseptere,akseptere,aksepteret,akseptere,,,,,,,,,,
wb_de977a051d7faccbbc759edf674c0460ca5b9fb68cd51364316ff5f1923e989b,true,verb,,turn around,转身,snu,snu,snuet,snu,,,,,,,,,,
wb_f935da4d121937f1143c376ac32d90b80b36760b59b45d081ff7276c7300a7b8,true,verb,,perform,执行,utføre,utføre,utføret,utføre,,,,,,,,,,
wb_02109064671206b110c14c14ca4890bb1c012cf15ffd8fe7a8eb92529853ac86,true,verb,,relationship,关系,forholde,forholde,forholdet,forholde,,,,,,,,,,
wb_ae737fb3d43da64056f12f4a1f84483882c6a34c5a05ba888c5bd35df7ed89a6,true,verb,,reject,拒绝,avvise,avvise,avviset,avvise,,,,,,,,,,
wb_d92b76ad52eba78d9c4c6504213b689a3ea57e0f1c1d970fb12a86bcc4c855ec,true,verb,,score,分数,score,score,scoret,score,,,,,,,,,,
wb_d1c45f42cc6630305fa30f01eaeb782ed0207317ad68e004a0524602ccb9edae,true,verb,,achieve,达到,oppnå,oppnå,oppnået,oppnå,,,,,,,,,,
wb_6b86e1f61e91c06cc08f9a148d0d850be8e14afc56e6cd8f06772564c4e44a2d,true,verb,,destroy,摧毁,ødelegge,ødelegge,ødelegget,ødelegge,,,,,,,,,,
wb_0203e722b924426c1d1cf34b63da08d5e133d2bfe21c5e06ab31cc289b6cea3e,true,verb,,urge,敦促,oppfordre,oppfordre,oppfordret,oppfordre,,,,,,,,,,
wb_c77adff1cc70c1cce75324ae9cf42a93625a6db306f44345c7e5204113d53c5a,true,verb,,criticize,批评,kritisere,kritisere,kritiseret,kritisere,,,,,,,,,,
wb_ee19925f0ea0ca9c5c421ef4de6fe92741fc8a178a93c1015088c70e2f502e08,true,verb,,cover,封面,dekke,dekke,dekket,dekke,,,,,,,,,,
wb_87ad900e062cb7257f3ff6fd5aa3f18fc772f35fc28dbb48622f6f2cfdc9ac3e,true,verb,,offer,报价,tilby,tilby,tilbyet,tilby,,,,,,,,,,
wb_4ff755da739a2d30762311d674d7ff9ba3c2747bfd1533dc13d1c6ec175b840f,true,verb,,mention,提及,omtale,omtale,omtalet,omtale,,,,,,,,,,
wb_58ff91201205aaada3f36d2329dbac6cdd94addcc6be280d0d5d87702fb38d75,true,verb,,create,创造,opprette,opprette,opprettet,opprette,,,,,,,,,,
wb_6d767fbec28e5081d46480f8493163be12b282ca0b846da900a18f13365f6d11,true,verb,,sing,唱歌,synge,synge,synget,synge,,,,,,,,,,
wb_ff19963ef02fb613609649f91c73582be56140b23ca644dc43091f6d8562a61b,true,verb,,turn,转,vende,vende,vendet,vende,,,,,,,,,,
wb_6f933723cbe80d32729ac16ee127a5ed55eed3612a483c6c8caf48e98d2d54fd,true,verb,,fulfill,履行,oppfylle,oppfylle,oppfyllet,oppfylle,,,,,,,,,,
wb_4bf0e9e464344446b86777f4dd783a4517d7df9002b10c4674ad40e6dc0dfdb9,true,verb,,transfer,转移,overføre,overføre,overføret,overføre,,,,,,,,,,
wb_ffe97bce996bdbe7e5e1318f6ce3e68140a9d28ab9a2c9e6f1661a3f3c60dcf0,true,verb,,belong to,属于,tilhøre,tilhøre,tilhøret,tilhøre,,,,,,,,,,
wb_58c00800497327ff16aa2ee029cb68f0f7ccdbd464c3dab7ce2402e9cf310383,true,verb,,plan,计划,planlegge,planlegge,planlegget,planlegge,,,,,,,,,,
wb_feed67703495c1773bbcde909b92bcb7b7711b66dba0225ca4d237e5555dc3a8,true,verb,,clear,清晰,rydde,rydde,ryddet,rydde,,,,,,,,,,
wb_722c876d8af44fb4de89c2f4c981538cf9b00d8b2627927dd6448fcecb7cf244,true,verb,,prioritize,优先考虑,prioritere,prioritere,prioriteret,prioritere,,,,,,,,,,
wb_68b631a5fb6ae64733a8cc437ca4fa421f32d4c3f96c5b5681e1526f951ed25a,true,verb,,conclude,得出结论,konkludere,konkludere,konkluderet,konkludere,,,,,,,,,,
wb_ec92ecb149760944cda1d3bc392dc28384efbd0219318af9c118448d382ca005,true,verb,,celebrate,庆祝,feire,feire,feiret,feire,,,,,,,,,,
wb_57ea3c383435fd3f1c65b69a692eb50296b896233da1efa3ac7e8dd594eb7549,true,verb,,port,港口,havne,havne,havnet,havne,,,,,,,,,,
wb_82a48a0031a61049554762f0a3987d153e073b8d6a0fc8d86eb269635bb2ed4d,true,verb,,wake up,醒来,våkne,våkne,våknet,våkne,,,,,,,,,,
wb_3431964a3b6143baf61d885075ccd39b2a9922bd7558da08f601687cd7257e88,true,verb,,burn,烧伤,brenne,brenne,brennet,brenne,,,,,,,,,,
wb_604afc5ce8d4b1a9cb26e9eaf89ae593780dbefdd4b4d92e377c7886f036ee13,true,verb,,steal,偷,stjele,stjele,stjelet,stjele,,,,,,,,,,
wb_4d70f5d330b379e6e3683d402f97410c46bf829664009abd4679686cb4ad5929,true,verb,,focus,焦点,fokusere,fokusere,fokuseret,fokusere,,,,,,,,,,
wb_e7f99a0f2cde9cfff351ae62e4fec18d632528a4889e81bc8ae7e757c141adf9,true,verb,,dry,干,tørre,tørre,tørret,tørre,,,,,,,,,,
wb_47c43697f7466b214f5244f15b296e4f0fbd5527df168fd976903d5f92c31964,true,verb,,meet,见面,møtes,møtes,møteset,møtes,,,,,,,,,,
wb_7f86140a47f6fb37004f8b07c7d45ee10c6a616f03fe960ce8f12c6eaa6fab90,true,verb,,hide,隐藏,skjule,skjule,skjulet,skjule,,,,,,,,,,
wb_b2062021962f14322222c0d424bb863da6042600727f08376f3162543f6d72e2,true,verb,,convey,传达,formidle,formidle,formidlet,formidle,,,,,,,,,,
wb_692e25ddcb9813c87cf54a7cb4e22d9717e8612162c6277e81434d93a1c88655,true,verb,,solve,解决,løse,løse,løset,løse,,,,,,,,,,
wb_13a3115ae7e5000034cb30435de0241b2bda6b82cc814906d245105d18961cda,true,verb,,cancel,取消,oppheve,oppheve,opphevet,oppheve,,,,,,,,,,
wb_2020220bd14ad06fc4d83cd288173b461ada4ae3d717f996fb2119644d3c478b,true,verb,,interview,采访,intervjue,intervjue,intervjuet,intervjue,,,,,,,,,,
wb_30aa80c332669427be8b143fc6599114941a6e726914c95b123604881670e52a,true,verb,,draw,画,tegne,tegne,tegnet,tegne,,,,,,,,,,
wb_3af825cdedbdbf81d2c3797a78306ae3bff494b498d411af4e65c873fa50bbde,true,verb,,include,包括,omfatte,omfatte,omfattet,omfatte,,,,,,,,,,
wb_398a0a57ca600a148170f2b7c4ce788c71597e97ae601018da4c7ad21b5fd359,true,verb,,prepare,准备,forberede,forberede,forberedet,forberede,,,,,,,,,,
wb_55a77a20f17f2e3def62ccb1c03197d5bc4bb80bb03bf9ebc504da55561a1c03,true,verb,,touch,触摸,berøre,berøre,berøret,berøre,,,,,,,,,,
wb_026cbb66f4ddf07c48acceb657d09006864f67c80b4893209beb2d1bcf5fbbb3,true,verb,,register,注册,registrere,registrere,registreret,registrere,,,,,,,,,,
wb_ab1d5fdc9ff534932808563ce81dc50dfaf510daf4d4f4c2c44527f9cb5b685d,true,verb,,blow,吹,blåse,blåse,blåset,blåse,,,,,,,,,,
wb_4606a3c8e18542c22004e25258f951295a68277db091ad5315cb86dabdf7006d,true,verb,,defend,捍卫,forsvare,forsvare,forsvaret,forsvare,,,,,,,,,,
wb_36986c1aec74eff8a385f20c016129d261189f0d2bf56db5568d0bafb4c2b9f8,true,verb,,express,快递,uttrykke,uttrykke,uttrykket,uttrykke,,,,,,,,,,
wb_a382f791147d21c624e1a862b55686fe886080c48ce3ee5528abf9d9e9c800ab,true,verb,,stop,停止,stanse,stanse,stanset,stanse,,,,,,,,,,
wb_fed8f5705bc67e45ca714808fb319641969c354a76fefd5c2593fe3b97b89c37,true,verb,,bring,带,bringe,bringe,bringet,bringe,,,,,,,,,,
wb_19de0a2c2e053c337f4b11bbdc1a107ce1012e7c71493d79d370b41f39f236c2,true,verb,,replace,替换,erstatte,erstatte,erstattet,erstatte,,,,,,,,,,
wb_73aa85fce7dadfa6d906b4c52d19c7c38e8b07b0ec789739fe42a7afa9d82a6b,true,verb,,finance,金融,finansiere,finansiere,finansieret,finansiere,,,,,,,,,,
wb_8d3314d791fa6e425ba27f82e558a2dd6edae88e95f7343e863a1dcf85bc01a5,true,verb,,is heard,被听到,høres,høres,høreset,høres,,,,,,,,,,
wb_c856ccadcf5688651818b90bd25054c5e8cd9356832114cdf8ec68226c101744,true,verb,,acknowledge,承认,erkjenne,erkjenne,erkjennet,erkjenne,,,,,,,,,,
wb_3e540852d48d8b631d619cf5bda7b4831b908f3c044bb95b44ca068c46dfd250,true,verb,,determine,确定,fastslå,fastslå,fastslået,fastslå,,,,,,,,,,
wb_997a15286f2f5af0db074eb90f100867f40c9a65e221af2997fde2e0016c91d0,true,verb,,protect,保护,beskytte,beskytte,beskyttet,beskytte,,,,,,,,,,
wb_47528408e00457079460f6977502f1af0f344dee913ac87dc106139b1a345a86,true,verb,,combat,战斗,bekjempe,bekjempe,bekjempet,bekjempe,,,,,,,,,,
wb_d9fee95a3e3194af639400fe804d1944ec632eacca51b8ef7bd8db48e36cd378,true,verb,,compare,比较,sammenligne,sammenligne,sammenlignet,sammenligne,,,,,,,,,,
wb_71b4829b2cb0ff2024907e4f79ccd96aed4e4059ccd48bc912625de9c273ba64,true,verb,,store,商店,lagre,lagre,lagret,lagre,,,,,,,,,,
wb_fe93c0a11bb389bc65482097c580f1ad19fafe141febd58bb06470b6365a0223,true,verb,,save,保存,spare,spare,sparet,spare,,,,,,,,,,
wb_f0960e4885e9115b83fe99db91338ba44b247eb0776f92c96fbb65b6fd04c9c1,true,verb,,comment,评论,kommentere,kommentere,kommenteret,kommentere,,,,,,,,,,
wb_28b57f03c989c279a39443917255744906017f0b5f958fd20af1935d6fc20411,true,verb,,measure,测量,måle,måle,målet,måle,,,,,,,,,,
wb_082429a18e9650d079f80da53d3149548260adac03caaf6b5d74a2b99d0e40d4,true,adjective,,a lot,很多,mye,,,,,,,mye,mye,myere,myest,den myeste,,
wb_74c73c1bd90b81c086f4d88efd37ee97d68950b3f45e66cb89a1caa7fea294dd,true,adjective,,many,许多,mange,,,,,,,mange,mange,mangere,mangest,den mangeste,,
wb_91e4f90eddc2a027a21fe5068e12911b06a3124e4c3d8b5696b8db1779f0b09b,true,adjective,,good,好,god,,,,,,,godt,gode,godere,godest,den godeste,,
wb_089af5e8b74b9c20338528b41a7e4ac3e57aa537c888b4b2e4d28d299c4b7ad5,true,adjective,,large,大,stor,,,,,,,stort,store,storere,storest,den storeste,,
wb_afcfdfc04928f7a192a7cd690fc538a0a2afbf6fb8d7926d977316bf9172131f,true,adjective,,new,新的,ny,,,,,,,nyt,nye,nyere,nyest,den nyeste,,
wb_5d13d3559eff426f643c477896cd3f913e3715363cb3052df9f3e7e8269d6485,true,adjective,,Norwegian,挪威语,norsk,,,,,,,norskt,norske,norskere,norskest,den norskeste,,
wb_d468871654757c608dae62b9ebb778547330bb5af33e7fe34f83e4caafdbd8ec,true,adjective,,whole,整体,hel,,,,,,,helt,hele,helere,helest,den heleste,,
wb_a70f7f23113739f7f2672ca9442538f18322e2885f9edef85c7ed5c0c27cb1d2,true,adjective,,small,小,liten,,,,,,,litent,litene,litenere,litenest,den liteneste,,
wb_22a52652a155d1fd565ad515d069687e949b368cd4b242b58e77392039684a25,true,adjective,,first,首先,første,,,,,,,første,første,førstere,førstest,den førsteste,,
wb_bb8d7a2620435e934757f6e83a3b648f3f9ec08715975be75916440190dad142,true,adjective,,long,长,lang,,,,,,,langt,lange,langere,langest,den langeste,,
wb_5baa8bf86495931389ad9dae84fabcfa327770e30e412c88db53f13343cc5779,true,adjective,,important,重要的,viktig,,,,,,,viktigt,viktige,viktigere,viktigest,den viktigeste,,
wb_8e7fbcef774264c01476d26968c36a21ea2e92de5824a592e83cbe9a9e54b4dc,true,adjective,,last,最后,sist,,,,,,,sist,siste,sistere,sistest,den sisteste,,
wb_80749cd79317f3a167f17fed96d84ced5053afaba1951305a0dbb844ed6623dd,true,adjective,,a little,一点,litt,,,,,,,litt,litte,littere,littest,den litteste,,
wb_5a218d35b11a20cd9443c65b900c1810201d473f539dd741c8e3f54c6ddc8928,true,adjective,,strong,强,sterk,,,,,,,sterkt,sterke,sterkere,sterkest,den sterkeste,,
wb_262ae405928ad9354b723b1fbe7bd4bb162ed0ef8c6b2f696e6e62048f7d6407,true,adjective,,early,早,tidlig,,,,,,,tidligt,tidlige,tidligere,tidligest,den tidligeste,,
wb_5e07974cff7b7a0faf4b6e20aef8cd3b60c254ff85a4d75ae2bc8718832dcad3,true,adjective,,political,政治的,politisk,,,,,,,politiskt,politiske,politiskere,politiskest,den politiskeste,,
wb_4129e293ddfddd5338033badab92602a781e4d4514891619659744e17875c568,true,adjective,,ready,准备好了,klar,,,,,,,klart,klare,klarere,klarest,den klareste,,
wb_7fc1adba30f6f9e33a901984474a89870b9e648a31faa34b221cc81b1e7f6120,true,adjective,,for a long time,很长一段时间,lenge,,,,,,,lenge,lenge,lengere,lengest,den lengeste,,
wb_22803e11c4062e90ba642238864dda5d2a51d629355d92ecdafa71001a209ac9,true,adjective,,old,老,gammel,,,,,,,gammelt,gammele,gammelere,gammelest,den gammeleste,,
wb_5c3b7c403b40997e6c7d5824724505f6ef23961ef84167e9fcca970f20b1d2c4,true,adjective,,high,高,høy,,,,,,,høyt,høye,høyere,høyest,den høyeste,,
wb_d4b3a31e10c32eac01d30a3dcf0140b57bd64ed814c1e5535b110094a24edf4f,true,adjective,,public,公开的,offentlig,,,,,,,offentligt,offentlige,offentligere,offentligest,den offentligeste,,
wb_691e6f4d1c0ae50f558cc54f06659fbff07625387f24272a83595c1edff1ac6d,true,adjective,,difficult,困难,vanskelig,,,,,,,vanskeligt,vanskelige,vanskeligere,vanskeligest,den vanskeligeste,,
wb_1f127ee53cb5d392fe968eb869d01492c69eb6e1f2543962fb898d89be0ad143,true,adjective,,possible,可能,mulig,,,,,,,muligt,mulige,muligere,muligest,den muligeste,,
wb_bda13d39e0cb3629f20f9ae3abbe92dd731c6bdffe50cba8c2e1ad300643d714,true,adjective,,very,非常,veldig,,,,,,,veldigt,veldige,veldigere,veldigest,den veldigeste,,
wb_992f853a05b4aae6e36c5aebc2fb81ce1955702afc33427af8e09397afd087a6,true,adjective,,at the same time,同时,samtidig,,,,,,,samtidigt,samtidige,samtidigere,samtidigest,den samtidigeste,,
wb_9241183a8da23c0aea6197694a6d52c4f662a7ee4936931f6b1693eb119efb4d,true,adjective,,near,附近,nær,,,,,,,nært,nære,nærere,nærest,den næreste,,
wb_6c8d8bd30e517d6a6159f6d11316ba6dc3825960acb4f47a43959a1ba7fd8baf,true,adjective,,often,经常,ofte,,,,,,,ofte,ofte,oftere,oftest,den ofteste,,
wb_96d1e495dcc9c4d86798458467bcce129b7f003e3564846fce5561650047bc26,true,adjective,,heavy,重,svær,,,,,,,svært,svære,sværere,sværest,den sværeste,,
wb_4cc2dcd39ad35207357a8e44ecc47fa3a25c9702df405bbbf4b3d2073a62180c,true,adjective,,vid,视频,vid,,,,,,,vidt,vide,videre,videst,den videste,,
wb_6eb0ecebe22a1c847ec412620c797a7ea20f695816bd3dad1505a811e954af8e,true,adjective,,international,国际,internasjonal,,,,,,,internasjonalt,internasjonale,internasjonalere,internasjonalest,den internasjonaleste,,
wb_4841aeeccc8dd9bd7b0dd10d869c3cee9caa3834177387919520796372d3c580,true,adjective,,good,好,bra,,,,,,,brat,brae,braere,braest,den braeste,,
wb_0f6c049ef6e31c57141e02ef9ff9ae08e373488a666ccbb4d00f19fd9a04aa11,true,adjective,,full,满,full,,,,,,,fullt,fulle,fullere,fullest,den fulleste,,
wb_a973f26dfb2d4b634e1f1a11269d1214e8489e75e7f8fc75a28d013186f4a8ac,true,adjective,,financially,财务上,økonomisk,,,,,,,økonomiskt,økonomiske,økonomiskere,økonomiskest,den økonomiskeste,,
wb_63df6bc547d8eae82313567769ca362f732187360e8cbd7f4a6f9eed61f2d131,true,adjective,,Late,迟到,sen,,,,,,,sent,sene,senere,senest,den seneste,,
wb_bbee0a01aeea3593bd7b8d37de07f312efab800ccc09ef4e103bc3a67ec8c96e,true,adjective,,little,很少,lite,,,,,,,lite,lite,litere,litest,den liteste,,
wb_fd585c22d4c9fe944e4d7fee496e1fa7815df79b81d12382f35c5af0411b5829,true,adjective,,especially,尤其是,særlig,,,,,,,særligt,særlige,særligere,særligest,den særligeste,,
wb_0e255f13ccadadd6fb4c8c8d670f950c47e25647158286cec25840a753188aa9,true,adjective,,young,年轻的,ung,,,,,,,ungt,unge,ungere,ungest,den ungeste,,
wb_f4a4f9d1eeef637038379ffb68ac00437d4dcfc850eb0292ef340e3ab314ce0a,true,adjective,,American,美国,amerikansk,,,,,,,amerikanskt,amerikanske,amerikanskere,amerikanskest,den amerikanskeste,,
wb_929d2b79bbb2670a57b3aa0abc4dee528b59ecad02bf056c1498298841b5e9f4,true,adjective,,bad,坏,dårlig,,,,,,,dårligt,dårlige,dårligere,dårligest,den dårligeste,,
wb_04f7ce8b20873ba72f491f84f3452b2bf4b13b845f995262e109ed01f6fe6355,true,adjective,,special,特别的,spesiell,,,,,,,spesiellt,spesielle,spesiellere,spesiellest,den spesielleste,,
wb_66da42ca5c404ff54001e1095c863390ec8e50c9587f197b10f0183bbee4e6b8,true,adjective,,actually,实际上,faktisk,,,,,,,faktiskt,faktiske,faktiskere,faktiskest,den faktiskeste,,
wb_4089ddd3cfb3bdaafb2bf71789954432ae15a88e9c543b9d037e9c6d919368d3,true,adjective,,safe,安全,sikker,,,,,,,sikkert,sikkere,sikkerere,sikkerest,den sikkereste,,
wb_949b7c8363178a613d43217c56da7cf3056f52ffa377f4d6e4567be9690dde26,true,adjective,,actually,实际上,egentlig,,,,,,,egentligt,egentlige,egentligere,egentligest,den egentligeste,,
wb_89b58df023328bda69a1a7c37dbfdbdf100b6de161c210465d6b80fc6b9f1337,true,adjective,,firm,坚定,fast,,,,,,,fast,faste,fastere,fastest,den fasteste,,
wb_64eeb39ddaf32226374d7268d54e19aaf4dfa983589682d37e97f2ad761ed0a9,true,adjective,,bad,坏,vond,,,,,,,vondt,vonde,vondere,vondest,den vondeste,,
wb_f9adfc7e7a401a93a876d0a3fa3ca9ac840c258a31331123a62ffec9c014a34c,true,adjective,,simple,简单,enkelt,,,,,,,enkelt,enkelte,enkeltere,enkeltest,den enkelteste,,
wb_5e2081e27c7ffe4ae2efab52962016764575744974c6ad284b3ce80d043e7547,true,adjective,,private,私人的,privat,,,,,,,privat,private,privatere,privatest,den privateste,,
wb_a82c57843e0c3dd0f64b0fa78d29d1b23cfcd1ba247c526f51682399bcdc74ea,true,adjective,,known,已知的,kjent,,,,,,,kjent,kjente,kjentere,kjentest,den kjenteste,,
wb_087f841ec5668eff1bd0209b5d104bf520e37079785d67d4e12cff171ffc3d0f,true,adjective,,serious,严重的,alvorlig,,,,,,,alvorligt,alvorlige,alvorligere,alvorligest,den alvorligeste,,
wb_7ed99b0f322f15f61f31955d99755306ce354e9c704f688083292584aac860d6,true,adjective,,easy,容易,lett,,,,,,,lett,lette,lettere,lettest,den letteste,,
wb_c96bf0c87393592818240f263160d09692dea73f0a92803771e8d1e07cceb71a,true,adjective,,different,不同的,ulik,,,,,,,ulikt,ulike,ulikere,ulikest,den ulikeste,,
wb_36009ec942a7837bca5c45b351642aa903d80b9edb5cc1c238fb5c0955c62889,true,adjective,,soon,很快,snar,,,,,,,snart,snare,snarere,snarest,den snareste,,
wb_0595d7edd92899a220d7c741a95609d1378ff005e93b815cfbe640993170b6aa,true,adjective,,constantly,不断地,stadig,,,,,,,stadigt,stadige,stadigere,stadigest,den stadigeste,,
wb_bbfedb26822b29458f9860c74ecdcd72a0e60ab948e6d5db38f74a8a74d0d1a0,true,adjective,,hard,硬,hard,,,,,,,hardt,harde,hardere,hardest,den hardeste,,
wb_7141383769846caaffd388f0587df3fd38e8bc39cabd9bdcd4f9db459725ae02,true,adjective,,agreed,同意,enig,,,,,,,enigt,enige,enigere,enigest,den enigeste,,
wb_4d2ea22619e0a9007b152bdae1b64b99803d14661053dc4ffc21c7376e495fbe,true,adjective,,low,低,lav,,,,,,,lavt,lave,lavere,lavest,den laveste,,
wb_3903ca5df19f36c76abfd8fb0eec0f5eb5d6effe8f5a7184886d2a8ff355265a,true,adjective,,simple,简单,enkel,,,,,,,enkelt,enkele,enkelere,enkelest,den enkeleste,,
wb_e6fda4373203ae6c2e525e90aa06802271161f3fe3fa435230f6b27a21f067f9,true,adjective,,employed,受雇的,ansatt,,,,,,,ansatt,ansatte,ansattere,ansattest,den ansatteste,,
wb_6ef20cd6ca5f6f724c151b1317f9b93f0af37e891f557cca14b16ff8ec368b02,true,adjective,,correct,正确,riktig,,,,,,,riktigt,riktige,riktigere,riktigest,den riktigeste,,
wb_8e1a5be078911326b28e8b37c97f4ea16e5c540c30af018abc582df02deccfb7,true,adjective,,local,本地的,lokal,,,,,,,lokalt,lokale,lokalere,lokalest,den lokaleste,,
wb_951d3637e0d7e9bd7999d0924a22516ead48481fe84e850c4bc30ef23389c12b,true,adjective,,of course,当然,selvsagt,,,,,,,selvsagt,selvsagte,selvsagtere,selvsagtest,den selvsagteste,,
wb_3d736fcfc07967b5ea0b55768e5fb1d2d65527453be4c46f16ba7e6b4147c7c0,true,adjective,,really,真的,virkelig,,,,,,,virkeligt,virkelige,virkeligere,virkeligest,den virkeligeste,,
wb_dc9a787128b421ba3246645722f2c61ff7a70c3eafe75121eebeeaa984dff580,true,adjective,,fine,很好,fin,,,,,,,fint,fine,finere,finest,den fineste,,
wb_3062f19472f5675e42f640b92ea433e2b83218f35737914bc1946a2e2bf5f3d4,true,adjective,,happy,快乐,glad,,,,,,,gladt,glade,gladere,gladest,den gladeste,,
wb_4eadb1724ed0f688cf320171cd0c7e487948f37ede3b62edbfaebb0be90ae131,true,adjective,,necessary,必要的,nødvendig,,,,,,,nødvendigt,nødvendige,nødvendigere,nødvendigest,den nødvendigeste,,
wb_bd1cfaa7642d765c3ac813fffe56647f6fb3a0bf61a0023608c387d482e11da7,true,adjective,,cards,卡片,kort,,,,,,,kort,korte,kortere,kortest,den korteste,,
wb_25481be7614f5109b5ed6ccc2e81cc9f6b073af0bf4bfc987940f88ea03ca6d5,true,adjective,,open,打开,åpen,,,,,,,åpent,åpene,åpenere,åpenest,den åpeneste,,
wb_aa7b13cd63c50b976ba0d967cad1068ede7657f81258cdd9c61954d09754b62b,true,adjective,,positive,积极的,positiv,,,,,,,positivt,positive,positivere,positivest,den positiveste,,
wb_5945b96dab3f437c7e244ef07f9e10a1b97bb525649f6d17910a323445a3f9fc,true,adjective,,fast,快,rask,,,,,,,raskt,raske,raskere,raskest,den raskeste,,
wb_283a558896d28c0fd1932b06610d6eaddc71371b7e1c5b4562abe2297e109e0b,true,adjective,,usual,平常,vanlig,,,,,,,vanligt,vanlige,vanligere,vanligest,den vanligeste,,
wb_44069ff7ddfe9350551e5d152380dbb082d3d5363bd21bb05434077a662e31b2,true,adjective,,others,其他,andre,,,,,,,andre,andre,andrere,andrest,den andreste,,
wb_e07a52a63f68c589a47b0e33e37670eff83c5a588eb413d3cc7d797e3d48c379,true,adjective,,busy,忙,opptatt,,,,,,,opptatt,opptatte,opptattere,opptattest,den opptatteste,,
wb_8e4345ead79610303fc747564c3d3540e0cbf8034358f44b5ab332198a8adffd,true,adjective,,reddish green,红绿色,rødgrønn,,,,,,,rødgrønnt,rødgrønne,rødgrønnere,rødgrønnest,den rødgrønneste,,
wb_434126881dd48df7f0edc6692b53832f37dbda21eaef17647cc5bc665c70e179,true,adjective,,probably,可能,trolig,,,,,,,troligt,trolige,troligere,troligest,den troligeste,,
wb_512910e86fbc0ed798e85db2a7bad39491fac945b497791cf5ec75f2bccc9a75,true,adjective,,active,活跃的,aktiv,,,,,,,aktivt,aktive,aktivere,aktivest,den aktiveste,,
wb_918a7e0c3442f9ed63747e34b9c8bcb2fe22ebc0138b319cc07f0b6fe24c932f,true,adjective,,naturally,自然地,naturlig,,,,,,,naturligt,naturlige,naturligere,naturligest,den naturligeste,,
wb_a0110e10cb0d140135c6b03c08f67fcbe4d69c36f1389e52676b1a90ff63cfb5,true,adjective,,central,中央,sentral,,,,,,,sentralt,sentrale,sentralere,sentralest,den sentraleste,,
wb_ccbc1a75cf86d9015d4b01adaf8fcea9d76f0a712636e12dc8af4a5b209b1be5,true,adjective,,dangerous,危险的,farlig,,,,,,,farligt,farlige,farligere,farligest,den farligeste,,
wb_b33a6f30ad2ca1456b94471071c58641d7d00629b0eb4d5e84186e7cc7696fd9,true,adjective,,clearly,清楚地,tydelig,,,,,,,tydeligt,tydelige,tydeligere,tydeligest,den tydeligeste,,
wb_3143cc145b3d95786bcbb21b1d86165e3542b44de3f35f798491bb4cf25b21b6,true,adjective,,state,状态,statlig,,,,,,,statligt,statlige,statligere,statligest,den statligeste,,
wb_f76058beac240d3cc53aafff23689e064821aee51f18126064e47a4817b6c626,true,adjective,,tight,紧,tett,,,,,,,tett,tette,tettere,tettest,den tetteste,,
wb_8527ebfa9e7f8bdd08196e61c52532d4c55d4470e63b7cd9f71816b74674efd8,true,adjective,,rich,富有,rik,,,,,,,rikt,rike,rikere,rikest,den rikeste,,
wb_7c97681fb8f228745806bc10f3cbbd1a64545829ae4cce900cf6e66a8dc39289,true,adjective,,common,常见的,felles,,,,,,,fellest,fellese,fellesere,fellesest,den felleseste,,
wb_a5a3f69d54c9b3062ac7d50af42ecf4c77498a01b5fb4f951144cfb1d013b5b0,true,adjective,,poor,穷,fattig,,,,,,,fattigt,fattige,fattigere,fattigest,den fattigeste,,
wb_a1fb9bd14274bf8a0e84401502a4a5534f2316faaa3121e82b4ad8dca7947175,true,adjective,,free,免费,fri,,,,,,,frit,frie,friere,friest,den frieste,,
wb_8aaceb5897de061823fc4b5c3b5b7d77fbb79ff251de311cc26cb6dd06e13f9e,true,adjective,,homosexual,同性恋者,homofil,,,,,,,homofilt,homofile,homofilere,homofilest,den homofileste,,
wb_45dcbddd632c99bfee5e20403070fefe5692d7c1dfd47b7fd5b298e1d93c5139,true,adjective,,forward,前进,fremre,,,,,,,fremre,fremre,fremrere,fremrest,den fremreste,,
wb_44ddf4b3293a9422810d5a64fd68c5bb9ce57bb11acfb9889c104dde5e3bffb2,true,adjective,,significantly,显着地,betydelig,,,,,,,betydeligt,betydelige,betydeligere,betydeligest,den betydeligeste,,
wb_cacb9e4392ad19abdc80eb20ccd3854e198b9766fd4485761fabb2739d26b4c3,true,adjective,,social,社会的,sosial,,,,,,,sosialt,sosiale,sosialere,sosialest,den sosialeste,,
wb_89a6e56a39a7689474e39fd28e43f932a20997019fbcc5870a58ecb21d662e33,true,adjective,,sick,生病了,syk,,,,,,,sykt,syke,sykere,sykest,den sykeste,,
wb_a5ac00ac13f565b758e365b24c2441d860ba9858500a0948138162cfdb8eb9b3,true,adjective,,personally,个人而言,personlig,,,,,,,personligt,personlige,personligere,personligest,den personligeste,,
wb_facbe01dea6b1b195e96341af47b7f2147d9344e81198e3f9cf0d8ff578af294,true,adjective,,European,欧洲,europeisk,,,,,,,europeiskt,europeiske,europeiskere,europeiskest,den europeiskeste,,
wb_a0b4b25fa69d54da5c88226a7b899be5ec88b186242672200fcc6e474d21ca15,true,adjective,,possibly,可能,eventuell,,,,,,,eventuellt,eventuelle,eventuellere,eventuellest,den eventuelleste,,
wb_de9dfedc5c2d31fefdcd9f9ffe2c915db24d4794dca0c13c17a17e26646f1d67,true,adjective,,current,当前,aktuell,,,,,,,aktuellt,aktuelle,aktuellere,aktuellest,den aktuelleste,,
wb_3c2d89e563718a832c09df1fce5cb32290e2c6af567814e8cd1ad52a51491d5c,true,adjective,,wide,宽,bred,,,,,,,bredt,brede,bredere,bredest,den bredeste,,
wb_25fa515a2b729cbf94126700121e5a6d5e3935ae8d6def8234b54e0a88b95358,true,adjective,,voluntarily,自愿地,frivillig,,,,,,,frivilligt,frivillige,frivilligere,frivilligest,den frivilligeste,,
wb_563b949790e966aed74e0643fd5a07a77d2da1e6f4f7a548ee16cb9c7e45180c,true,adjective,,directly,直接,direkte,,,,,,,direkte,direkte,direktere,direktest,den direkteste,,
wb_bea473a0753d2ad9612268ee81389d391a96a63f1d1967e1d9239d415aafcf61,true,adjective,,fast,快,fort,,,,,,,fort,forte,fortere,fortest,den forteste,,
wb_f423a4659450fddce38a603e5ecdf196511de22ebb7968dc20fddc131faace1c,true,adjective,,scared,害怕,redd,,,,,,,reddt,redde,reddere,reddest,den reddeste,,
wb_979c92c746e90cac0bc098877fe6e57cd825077f0baeaa67ecc4d3e9689b2db1,true,adjective,,simply,简单地,slett,,,,,,,slett,slette,slettere,slettest,den sletteste,,
wb_e0f1b4afb1867eb3e0281f9828b6cfb85bb276755d0fc77d43bead5d24fa5a02,true,adjective,,so called,所谓的,såkalt,,,,,,,såkalt,såkalte,såkaltere,såkaltest,den såkalteste,,
wb_c70198304b2033829c6a70ede72fa17b6055a57f0c8b0eee9162df1857573b0f,true,adjective,,critical,批评的,kritisk,,,,,,,kritiskt,kritiske,kritiskere,kritiskest,den kritiskeste,,
wb_293666d554e2badbbeeb4796a301b61cfbfac87950e5bf72819c424539a5c367,true,adjective,,finally,最后,endelig,,,,,,,endeligt,endelige,endeligere,endeligest,den endeligeste,,
wb_0071675448c61170dd628862e3e6f9b8357529825445fe84cba6867d94c85f95,true,adjective,,enormous,巨大的,enorm,,,,,,,enormt,enorme,enormere,enormest,den enormeste,,
wb_03a892488c4609d0425cbb094f35a73afbf4cb95a9d261d269461d028438e460,true,adjective,,decisive,决定性的,avgjørende,,,,,,,avgjørende,avgjørende,avgjørendere,avgjørendest,den avgjørendeste,,
wb_3d20dcbf78bfa3b4207178bd26b6206dcafe8b2f789b875cd9d967ba8c7d6323,true,adjective,,equal,平等,lik,,,,,,,likt,like,likere,likest,den likeste,,
wb_1cf14a43d422c86d1a67b527efaf9086e64d6d6a9156910e5ff0ac8411387328,true,adjective,,ecclesiastical,教会的,kirkelig,,,,,,,kirkeligt,kirkelige,kirkeligere,kirkeligest,den kirkeligeste,,
wb_9866f1541e1289c5f13e9c23f2ea02f0d9a39cacc4a501c55bfe579f8510ba95,true,adjective,,satisfied,满意,fornøyd,,,,,,,fornøydt,fornøyde,fornøydere,fornøydest,den fornøydeste,,
wb_898502717c85c66caf4e0998adf959f42e564d49ef0a26d38f505ce24e4129a8,true,adjective,,general,一般,generell,,,,,,,generellt,generelle,generellere,generellest,den generelleste,,
wb_1da603c87e0933072c75e24a2423e81f2f54ae9cd5fd85198812a92b79de5b5d,true,adjective,,certain,某些,viss,,,,,,,visst,visse,vissere,vissest,den visseste,,
wb_f5ce243df006f9cb8f8e690f872a0c3007671eebdd2d3949af08035fdd6e578f,true,adjective,,half,一半,halv,,,,,,,halvt,halve,halvere,halvest,den halveste,,
wb_6e9e8858a95a2aecad7aeaa13ac1a195510575f6715e2244b858c2ea60329e50,true,adjective,,red,红色,rød,,,,,,,rødt,røde,rødere,rødest,den rødeste,,
wb_0f80c044ee6a9db7b83150fee570e7dceb12568358e1a066065a597d79503dfe,true,adjective,,miscellaneous,杂项,øvrig,,,,,,,øvrigt,øvrige,øvrigere,øvrigest,den øvrigeste,,
wb_315376ecaac74dc40ff0741b328a5a35b740c1c4642a3db31a2a90affd404428,true,adjective,,safe,安全,trygg,,,,,,,tryggt,trygge,tryggere,tryggest,den tryggeste,,
wb_122c02cfc48beacaed3d4edc7b52472ec6830e2f2880734999057580d8ded78a,true,adjective,,interesting,有趣的,interessant,,,,,,,interessant,interessante,interessantere,interessantest,den interessanteste,,
wb_d234ae632dc351b63feb217136bc6e0d23fab094716d87bcbeb41c2789439482,true,adjective,,adult,成人,voksen,,,,,,,voksent,voksene,voksenere,voksenest,den vokseneste,,
wb_8b823ba8f4752de4990277a6d8ee60f3b8d88c00f8b80a8b4223fc92e9bd0298,true,adjective,,different,不同的,forskjellig,,,,,,,forskjelligt,forskjellige,forskjelligere,forskjelligest,den forskjelligeste,,
wb_422ba95dfe110ee32935901216654d33ece8517822425215829c767e3093fa40,true,adjective,,extra,额外的,ekstra,,,,,,,ekstrat,ekstrae,ekstraere,ekstraest,den ekstraeste,,
wb_10157fcd8b756f565e77e3ca59ba32d43ebdaba9ebffaa6887a64f6812770835,true,adjective,,democratic,民主的,demokratisk,,,,,,,demokratiskt,demokratiske,demokratiskere,demokratiskest,den demokratiskeste,,
wb_696f2839ac6ae21b63124e1371a69138462d773f79ccf2511f847f6a1ef383cd,true,adjective,,heavy,重,tung,,,,,,,tungt,tunge,tungere,tungest,den tungeste,,
wb_3bd559b01e7a220c0d1b4f643dee62761b7812c8a46f08cf16d21c7391a74784,true,adjective,,powerful,强大的,kraftig,,,,,,,kraftigt,kraftige,kraftigere,kraftigest,den kraftigeste,,
wb_c6b669d0f7c13ada19b508332008c096235b0ce2b3a0d662492a03f7984d0145,true,adjective,,fine,很好,grei,,,,,,,greit,greie,greiere,greiest,den greieste,,
wb_5d93fe2c420508f2794d3a2af744f03baf8edbda11fefe203dbb21f36e8db2f9,true,adjective,,comprehensive,全面的,omfattende,,,,,,,omfattende,omfattende,omfattendere,omfattendest,den omfattendeste,,
wb_0dc62cbb8ba92d5f5c0cb3451d518a9ca9dc8d75ceb77978e0767b354d15b0c3,true,adjective,,deep,深,dyp,,,,,,,dypt,dype,dypere,dypest,den dypeste,,
wb_e5872ab78bda83be02af166ee0774f8efc336f0a58e2c205d2fe3b020fc168a8,true,adjective,,third,第三,tredje,,,,,,,tredje,tredje,tredjere,tredjest,den tredjeste,,
wb_996cb567a448c78c8691d5d6eb6843f65a86b6e1a369ad2c820ac780d72dce6d,true,adjective,,available,可用,tilgjengelig,,,,,,,tilgjengeligt,tilgjengelige,tilgjengeligere,tilgjengeligest,den tilgjengeligeste,,
wb_467b84c1d6ed9c0a54f94d64e4743530f721526aaa0b0796fda584b80049154e,true,adjective,,limited,有限,begrenset,,,,,,,begrenset,begrensete,begrensetere,begrensetest,den begrenseteste,,
wb_b81f8f19616c28f768fcb2661526224141d9c78fd8ee44a62cb31755845eed4c,true,adjective,,traditional,传统的,tradisjonell,,,,,,,tradisjonellt,tradisjonelle,tradisjonellere,tradisjonellest,den tradisjonelleste,,
wb_68231f1548721df9e49923a5038b7171b3eabb820b1cc378cdbd6c89a79f6ede,true,adjective,,negative,消极的,negativ,,,,,,,negativt,negative,negativere,negativest,den negativeste,,
wb_e523a5bcdf48dee5a0e4b4ea775851ae02ab485e4458360cf05134384373fa82,true,adjective,,further,进一步,ytterligere,,,,,,,ytterligere,ytterligere,ytterligerere,ytterligerest,den ytterligereste,,
wb_957276a977c6b6c0eaecf76a06b210929b3e585f34e6dd0810e677fa12e91ee2,true,adjective,,basic,基本的,grunnleggende,,,,,,,grunnleggende,grunnleggende,grunnleggendere,grunnleggendest,den grunnleggendeste,,
wb_72bc6ee685ce96e0f6d0cd2508c83571ce3661ed95f461f0f827d252c59f07a1,true,adjective,,incredible,难以置信,utrolig,,,,,,,utroligt,utrolige,utroligere,utroligest,den utroligeste,,
wb_ae1c87130001ea64f54f436d4c46e65ade4b6ab2aed282fc5d17d76ec07bc0bc,true,adjective,,clean,干净,ren,,,,,,,rent,rene,renere,renest,den reneste,,
wb_14b5c85b92a4628db7ebed4cf041434886c676990f73714be250658640191289,true,adjective,,Swedish,瑞典语,svensk,,,,,,,svenskt,svenske,svenskere,svenskest,den svenskeste,,
wb_b5dc17cccbfcd2df0d61a66ce5de25e63027c83dd65ab50620e3c4fd2776c3d6,true,adjective,,modern,现代的,moderne,,,,,,,moderne,moderne,modernere,modernest,den moderneste,,
wb_e7c171b6e0ce1ce8f6531aa2e6f9f9586ad3c81ef9572888f56e035e1277fcd5,true,adjective,,Christian,基督教,kristen,,,,,,,kristent,kristene,kristenere,kristenest,den kristeneste,,
wb_2c67b0961b017a0473295b70f063f3995958fca6079541f0c2b64de01eeef76e,true,adjective,,relative,亲戚,relativ,,,,,,,relativt,relative,relativere,relativest,den relativeste,,
wb_d65da562b4faf89b5995fe72034552fe9c4eda6a9a6451b751c60e943518bbbf,true,adjective,,black,黑色,svart,,,,,,,svart,svarte,svartere,svartest,den svarteste,,
wb_3c30220288183e27b4d150ceb6446e1c76fa16d57f3e3c11271adc49f0434b2f,true,adjective,,finished,完成,ferdig,,,,,,,ferdigt,ferdige,ferdigere,ferdigest,den ferdigeste,,
wb_c9eafbf637a46f15fba1b7e512205056cf467de43da390b12d7960a49283077c,true,adjective,,white,白色,hvit,,,,,,,hvit,hvite,hvitere,hvitest,den hviteste,,
wb_22ea3e5cad9c9bacd5759fe661ccd7162b3a6f0e85116b989b3edf05dfb9fda1,true,adjective,,historical,历史的,historisk,,,,,,,historiskt,historiske,historiskere,historiskest,den historiskeste,,
wb_3dc77c7ca7069c1bbf25e95300fd0d56816654006aa01243eceedebf8101ea22,true,adjective,,proudly,骄傲地,stolt,,,,,,,stolt,stolte,stoltere,stoltest,den stolteste,,
wb_91e6dc1d0df1c04da24c5c7c0d08c92613fe8e8d38d627c2bb871b39f428a53a,true,adjective,,military,军事,militær,,,,,,,militært,militære,militærere,militærest,den militæreste,,
wb_570d902a31bc3bf48b4c60a443b9f36ab021592bfb570e84b3b1d4f0b384258a,true,adjective,,total,总计,total,,,,,,,totalt,totale,totalere,totalest,den totaleste,,
wb_efcfb44f567430d8b598740d0b2da7646eeb65d5c6abcc95eec6c914565b1b20,true,adjective,,weird,奇怪的,rar,,,,,,,rart,rare,rarere,rarest,den rareste,,
wb_9bd6e13e1500df0c760595062b0451ebb6d9000ad6e20baf4ea56d1a18414133,true,adjective,,ethical,道德的,etisk,,,,,,,etiskt,etiske,etiskere,etiskest,den etiskeste,,
wb_113acaa7bf624674e9e1c56d3394f6f4d14c4daae36b44c81dd47afc373d28be,true,adjective,,national,国家的,nasjonal,,,,,,,nasjonalt,nasjonale,nasjonalere,nasjonalest,den nasjonaleste,,
wb_ffb777e89ac3de935ecca5333cacf6848a32941aaf040a8b664e2c048e138f57,true,adjective,,global,全球,global,,,,,,,globalt,globale,globalere,globalest,den globaleste,,
wb_bcc23a883d9bd1138aac8fa47966a40519e43edbdd259d02089b455e9764e5a8,true,adjective,,great,太棒了,flott,,,,,,,flott,flotte,flottere,flottest,den flotteste,,
wb_16e470cff0b6a9b8368a1aa269995b7c657943b8af62f8bab44877b85cd043c3,true,adjective,,absolutely,绝对,absolutt,,,,,,,absolutt,absolutte,absoluttere,absoluttest,den absolutteste,,
wb_1d3d71e4bd1e2ca809a2f5a494f65c7844fa2007fc9df2f090bfb744887df7b0,true,adjective,,impossible,不可能的,umulig,,,,,,,umuligt,umulige,umuligere,umuligest,den umuligeste,,
wb_b3c86bff7d89c89d73487128667dde32702754fdfa5805047e4e32a4a0eea0b8,true,adjective,,Nordic,北欧,nordisk,,,,,,,nordiskt,nordiske,nordiskere,nordiskest,den nordiskeste,,
wb_4f9c6c69729bc7cbd28d9c60668ce6f5fda922b246fa1cfea2a960bde00717c1,true,adjective,,surprise,惊喜,overraske,,,,,,,overraske,overraske,overraskere,overraskest,den overraskeste,,
wb_ec4128f41e13840b779585be8d0f4f25eb41337c09ed6aafe1eae410966d8447,true,adjective,,late,迟到了,sein,,,,,,,seint,seine,seinere,seinest,den seineste,,
wb_47290e6c9063ff29db9d45a921d539940ec0f01bab637ab0e2828038e2f77f08,true,adjective,,different,不同的,annerledes,,,,,,,annerledest,annerledese,annerledesere,annerledesest,den annerledeseste,,
wb_87a9b3c37b22fd6b33d4341066060f7fef2ca2dc187f864a156e0053367c0a6a,true,adjective,,popular,流行的,populær,,,,,,,populært,populære,populærere,populærest,den populæreste,,
wb_0f3225cc2a898176fd61f88fa464e7cfc55e904abab98a48a9ef149e7cad0032,true,adjective,,button,按钮,knapp,,,,,,,knappt,knappe,knappere,knappest,den knappeste,,
wb_f4b630c8b858835e9337cdfd6fa52a409a65197855670e11ba4fb371613521bf,true,adjective,,strict,严格,streng,,,,,,,strengt,strenge,strengere,strengest,den strengeste,,
wb_d95aca83b378c58aab78e91117ad191f142e548068dbd336752382a5afff0b73,true,adjective,,significantly,显着地,vesentlig,,,,,,,vesentligt,vesentlige,vesentligere,vesentligest,den vesentligeste,,
wb_022509dfbb2a4dcd649034b07c68b898ff92e5b92c82f569e4cf8f45e9925a3b,true,adjective,,normal,正常,normal,,,,,,,normalt,normale,normalere,normalest,den normaleste,,
wb_ed08fbc9628bbec51304596223b0d09bd54860ef2e4e95071966f37270acce6c,true,adjective,,religious,宗教的,religiøs,,,,,,,religiøst,religiøse,religiøsere,religiøsest,den religiøseste,,
wb_04b19b6b8439f71c82e694637bf19473f7408493f7538c4920c62826c4b70f34,true,adjective,,dependent,依赖的,avhengig,,,,,,,avhengigt,avhengige,avhengigere,avhengigest,den avhengigeste,,
wb_545bd4964eaf72ee1b5235a50e95d7a571f9fc7e6b93b6a640f04060fa6aa92d,true,adjective,,boring,无聊的,kjedelig,,,,,,,kjedeligt,kjedelige,kjedeligere,kjedeligest,den kjedeligeste,,
wb_de2f82eff06b99c5a4ce5382cd068b2e1d15627db56dd87b15c95a8808a7e43e,true,adjective,,exterior,外观,ytre,,,,,,,ytre,ytre,ytrere,ytrest,den ytreste,,
wb_315609d91424d5b1320e120a50b209ff36c9e401e9f87521e88bf3210c240ee0,true,adjective,,independently,独立地,selvstendig,,,,,,,selvstendigt,selvstendige,selvstendigere,selvstendigest,den selvstendigeste,,
wb_3a3253115cffbc104bf8302afb6b910788db20014d1b9ecdabc2085254741f1f,true,adjective,,fantastic,太棒了,fantastisk,,,,,,,fantastiskt,fantastiske,fantastiskere,fantastiskest,den fantastiskeste,,
wb_086cb1c7aa99bc718965e83a90645aa02330f5d7acafb1cc67e5c05e0b72e6aa,true,adjective,,loose,宽松的,løs,,,,,,,løst,løse,løsere,løsest,den løseste,,
wb_a9ef1d3ca93a974221fa9e05adb3bf74bbdf9e4524c5602d5e444bcca6642994,true,adjective,,correspond to,对应于,tilsvare,,,,,,,tilsvare,tilsvare,tilsvarere,tilsvarest,den tilsvareste,,
wb_55dca8474b51fc3021dc9bf74027e3683230b28f2fd7ba070a3294e30a9d0321,true,adjective,,crazy,疯狂的,gal,,,,,,,galt,gale,galere,galest,den galeste,,
wb_537f821a6a56106c9617253800a603d51267c38c9cb716e694a2657ff78d8504,true,adjective,,of course,当然,selvfølgelig,,,,,,,selvfølgeligt,selvfølgelige,selvfølgeligere,selvfølgeligest,den selvfølgeligeste,,
wb_332f208a8c488323c79a09392f58b01b018f490570b2165f5982fd2853eeefdc,true,adjective,,western,西方的,vestlig,,,,,,,vestligt,vestlige,vestligere,vestligest,den vestligeste,,
wb_a041a20acc3a0ca03d6379ea3e7070e459ce1e9da8db3e8c44edc9069f24ade6,true,adjective,,independently,独立地,uavhengig,,,,,,,uavhengigt,uavhengige,uavhengigere,uavhengigest,den uavhengigeste,,
wb_f870bb5c3befc953c238a83ec65e3279aee43754d27bd32061233b9083d86a4f,true,adjective,,upper,上层,øvre,,,,,,,øvre,øvre,øvrere,øvrest,den øvreste,,
wb_1ff39fa439ea78d2e19fd3551b45b9a1c33fda72c641c41cc5893255ca8960c2,true,adjective,,specifically,具体来说,konkret,,,,,,,konkret,konkrete,konkretere,konkretest,den konkreteste,,
wb_e42f8455c4a23994d0f21c395c9dac9d58d7cd4a9b23976214464c30d5669c04,true,adjective,,suddenly,突然,plutselig,,,,,,,plutseligt,plutselige,plutseligere,plutseligest,den plutseligeste,,
wb_1299d99dc243c030af3251f90f05cb4fb658d5d82703353a1346472f8bdc5884,true,adjective,,the following,以下,følgende,,,,,,,følgende,følgende,følgendere,følgendest,den følgendeste,,
wb_43d912eccfa397a2da13bcbc70f8fd07ae7d9c39b6a93c124629577c69755e59,true,adjective,,German,德语,tysk,,,,,,,tyskt,tyske,tyskere,tyskest,den tyskeste,,
wb_4f526af22fb119d8192aad6aa9bc80fe2b8cc896748f0fe4eeb1fb83f9ed6ea7,true,adjective,,physically,身体上的,fysisk,,,,,,,fysiskt,fysiske,fysiskere,fysiskest,den fysiskeste,,
wb_cf6aa3a544c9c3b6c862c8a18cb564553aaeac8b20f86e74df61b71c0d676994,true,adjective,,daily,每日,daglig,,,,,,,dagligt,daglige,dagligere,dagligest,den dagligeste,,
wb_2918904a21f2a21a2e34d79662114709c962b37735757471ad1badc893227644,true,adjective,,sad,悲伤,trist,,,,,,,trist,triste,tristere,tristest,den tristeste,,
wb_148989543930567baf452d147e762c66fc7fa4516a2a2749ea867968c441db0c,true,adjective,,psychologically,心理上,psykisk,,,,,,,psykiskt,psykiske,psykiskere,psykiskest,den psykiskeste,,
wb_fe524e3c42df61edce5e7b48cf83cd8bbeca3dcdfb979ee722851cae4a5e4e0d,true,adjective,,French,法语,fransk,,,,,,,franskt,franske,franskere,franskest,den franskeste,,
wb_b8d7f637c9bde83cebedc8e025dce4074d461b9b2c8305cc91cd2d10cbaa7462,true,adjective,,weak,弱,svak,,,,,,,svakt,svake,svakere,svakest,den svakeste,,
wb_95e66260118cd822307a10e3f7bbb527e35b98e3b4e7a80c2b7d05dc2fc68156,true,adjective,,stupid,愚蠢的,dum,,,,,,,dumt,dume,dumere,dumest,den dumeste,,
wb_f9e3adbd10e567c3e04e717bbd42afef764a7600c694939595817072e7c779e3,true,adjective,,green,绿色,grønn,,,,,,,grønnt,grønne,grønnere,grønnest,den grønneste,,
wb_7aab71acd48ce30e2e2e3ea35fe064f7ab4050d1211b6b81ded14ea51ded1532,true,adjective,,beautiful,美丽的,vakker,,,,,,,vakkert,vakkere,vakkerere,vakkerest,den vakkereste,,
wb_82d7e2432f189871cf438a45035f91b1ec9af72de52b39e500771da5c0e00ddc,true,adjective,,English,英语,engelsk,,,,,,,engelskt,engelske,engelskere,engelskest,den engelskeste,,
wb_e37d384bd393a0c3f5b90c7b7c93019b42f04f51a64919414c895e92edd0215f,true,adjective,,civil,民事,sivil,,,,,,,sivilt,sivile,sivilere,sivilest,den sivileste,,
wb_0e260b5d13310a1377cb2e2f6d04336f1757eaae0441fda9eefa7013fd0f940b,true,adjective,,cold,冷,kald,,,,,,,kaldt,kalde,kaldere,kaldest,den kaldeste,,
wb_3de4374a97f6b715fb04680b040f71d840de0e2825b0db93c59554b5062f9cf0,true,adjective,,willingly,心甘情愿地,villig,,,,,,,villigt,villige,villigere,villigest,den villigeste,,
wb_bb889768a77061189ba65aac8e029ebacaa43db330f687c8477391af511d7491,true,adjective,,worry,担心,bekymre,,,,,,,bekymre,bekymre,bekymrere,bekymrest,den bekymreste,,
wb_343e3baef772cc00297f7fa72e94288800488913c2ee474a6e62601d292be0ea,true,adjective,,tough,强硬,tøff,,,,,,,tøfft,tøffe,tøffere,tøffest,den tøffeste,,
wb_0de3a4e45ee51c946f62c1a1faab5faf41dbb26c07dfdd04338f8daf90bcb8be,true,adjective,,obvious,明显的,åpenbar,,,,,,,åpenbart,åpenbare,åpenbarere,åpenbarest,den åpenbareste,,
wb_659e5962ba528495472b665528d8c3fbf187e1595eea041c7cdf473c84dbabcc,true,adjective,,classic,经典,klassisk,,,,,,,klassiskt,klassiske,klassiskere,klassiskest,den klassiskeste,,
wb_1bdddf2bb3e0ab41ad356a94c06f835b751a849fd181b362c2411ec1d9d6fc30,true,adjective,,bourgeois,资产阶级的,borgerlig,,,,,,,borgerligt,borgerlige,borgerligere,borgerligest,den borgerligeste,,
wb_a8077a6e5b479793489dd196f0de64d6e85a3bdf492781aec087ea599e011f03,true,adjective,,renewable,可再生,fornybar,,,,,,,fornybart,fornybare,fornybarere,fornybarest,den fornybareste,,
wb_2fdd3ba019aa6b80661ca73bd5e25df9f4adf5dafbb8b1963241c973d9abaa58,true,adjective,,extreme,极端,ekstrem,,,,,,,ekstremt,ekstreme,ekstremere,ekstremest,den ekstremeste,,
wb_f307807f1e36128d3ae0b7b711c15ac11c65edee5d45655e42cf05741c86057a,true,adjective,,pollute,污染,forurense,,,,,,,forurense,forurense,forurensere,forurensest,den forurenseste,,
wb_1f04204ec569a295348c0e08a754b71098447b3891a69623ba55c4710ac645ed,true,adjective,,prostitute,妓女,prostituert,,,,,,,prostituert,prostituerte,prostituertere,prostituertest,den prostituerteste,,
wb_58c77abf819461ad0ad757d3237e1523283ef51f49581792c60c0ff6836885d4,true,adjective,,for the time being,暂时,foreløpig,,,,,,,foreløpigt,foreløpige,foreløpigere,foreløpigest,den foreløpigeste,,
wb_df0c37691858a9f6004b9ccb5f1331a2d4c13df040036cc09d2ba71d0e7035a8,true,adjective,,practical,实用的,praktisk,,,,,,,praktiskt,praktiske,praktiskere,praktiskest,den praktiskeste,,
wb_eb629aa950cb166acee7754bfd38e22bc1095421bfac56b408ae60cd0d943bf4,true,adjective,,animals,动物,dyr,,,,,,,dyrt,dyre,dyrere,dyrest,den dyreste,,
wb_b463d824010c0082cad636bf63e94b154aee5d13ee873ffba9ec97bef07d68db,true,adjective,,dark,黑暗,mørk,,,,,,,mørkt,mørke,mørkere,mørkest,den mørkeste,,
wb_5752589d5fb40b68b2d639828f316efdeae8a0be8f833196e52c06c0f0841843,true,adjective,,alive,活着,levende,,,,,,,levende,levende,levendere,levendest,den levendeste,,
wb_01edba7db6ec80620eeef46502c3d5e3a7a75db2584822da8146788d4787bf66,true,adjective,,bad,坏,ille,,,,,,,ille,ille,illere,illest,den illeste,,
wb_7711cb5f8f72a9136b4f5bb68398ea216aa5081e265d17490ad23c69aba680f9,true,adjective,,mass,质量,masse,,,,,,,masse,masse,massere,massest,den masseste,,
wb_ab075c61f63eef99f086f6dfdbea259603fef2cba89fef552a76e4a1fe472d2b,true,adjective,,sexual,性的,seksuell,,,,,,,seksuellt,seksuelle,seksuellere,seksuellest,den seksuelleste,,
wb_7b7d5eb1223b3584b1841a257777a2f31b9249c83b69a0d8c56fb4871970b9b9,true,adjective,,real,真实的,reell,,,,,,,reellt,reelle,reellere,reellest,den reelleste,,
wb_3c46ec70c0a8625677895164e7d1c4880a6695baef1ad48e92506fdfce5cfb4b,true,adjective,,automatically,自动地,automatisk,,,,,,,automatiskt,automatiske,automatiskere,automatiskest,den automatiskeste,,
wb_d83686079a0f4cec3c65f963b2005abb9554ea75cec655adfd32424e47e02759,true,adjective,,true,真实,sann,,,,,,,sannt,sanne,sannere,sannest,den sanneste,,
wb_7a613ed14b4ef5f2bca295c8a0cdd3ed19d71fff601197ff81cc4181af340559,true,adjective,,funny,有趣的,morsom,,,,,,,morsomt,morsome,morsomere,morsomest,den morsomeste,,
wb_e658eb1155697bb0b167d985e1222093cccf476fb37c537718c7368063e1664b,true,adjective,,calm down,冷静下来,rolig,,,,,,,roligt,rolige,roligere,roligest,den roligeste,,
wb_b76ec1fb63d8201eab58aad676b5c6e5472ab580dbfe8c1e32923d22cefa2c3a,true,adjective,,contagious,具有传染性的,smittefarlig,,,,,,,smittefarligt,smittefarlige,smittefarligere,smittefarligest,den smittefarligeste,,
wb_2ca9442ad74057f86d6bae9ff92eef61f51c3e06d7f9e18141cb13f750509c58,true,adjective,,separately,分别,særskilt,,,,,,,særskilt,særskilte,særskiltere,særskiltest,den særskilteste,,
wb_68390313d26c608726692d7261d1fd2678e4e7b60c470449b1beb2994ac732a5,true,adjective,,reasonable,合理的,rimelig,,,,,,,rimeligt,rimelige,rimeligere,rimeligest,den rimeligeste,,
wb_b35da7ed0e4051897b24fa63965c718eca5e1ce875e892368fd1216b78625cef,true,adjective,,consciously,有意识地,bevisst,,,,,,,bevisst,bevisste,bevisstere,bevisstest,den bevissteste,,
wb_ac21ed66cb40bba11a6d128bb205952e835b259b8c0a0d96a800eeec9a1c18ed,true,adjective,,illegal,非法的,ulovlig,,,,,,,ulovligt,ulovlige,ulovligere,ulovligest,den ulovligeste,,
wb_eebd78f7894c60a9e772b67ea486a0886eb157bd096ea5819b2b431708477e0b,true,adjective,,correctly,正确地,korrekt,,,,,,,korrekt,korrekte,korrektere,korrektest,den korrekteste,,
wb_9720b4dcd34d5a9b6ebab6471993f3df76c231c8e56dd947a6e6ddde19658132,true,adjective,,fed up,受够了,lei,,,,,,,leit,leie,leiere,leiest,den leieste,,
wb_52e85bcdaac65a0e6700e205a60056919217e6e4c0c98d6469daf7f476fbe467,true,adjective,,evenly,均匀地,jevn,,,,,,,jevnt,jevne,jevnere,jevnest,den jevneste,,
wb_7848e5255ac569dc49e8f81898d73d208cba46d71eb10e1a48090bf0b7ee304c,true,adjective,,human,人类的,menneskelig,,,,,,,menneskeligt,menneskelige,menneskeligere,menneskeligest,den menneskeligeste,,
wb_cdb6c454f47ddaa664bf81df657cb4c89360606e9d11879e8d2569c7ec84d7ce,true,adjective,,objective,目标,objektiv,,,,,,,objektivt,objektive,objektivere,objektivest,den objektiveste,,
wb_f355d5c5c8d74115f84f8d3e9be03011067d950ae6d750c15e26080e5fb765f3,true,adjective,,future,未来,fremtidig,,,,,,,fremtidigt,fremtidige,fremtidigere,fremtidigest,den fremtidigeste,,
wb_c34f5e5d6a8726360fede1e38ef7711616883223087399458d4fcb2e2c865957,true,adjective,,legal,合法的,juridisk,,,,,,,juridiskt,juridiske,juridiskere,juridiskest,den juridiskeste,,
wb_d1fff4f2770fd37cea5efaf9a63e890c63bc50c0b00eb6e4175d5220de91bd70,true,adjective,,unique,独特的,unik,,,,,,,unikt,unike,unikere,unikest,den unikeste,,
wb_bca4fe01e5c2b7a89a70cf40973714e75e26c756361ba38e61206866cef1ccaf,true,adjective,,real,真实的,ekte,,,,,,,ekte,ekte,ektere,ektest,den ekteste,,
wb_c480fa9a5680def12b19d5bce4eab78862c990f0747b6b1ddf81c3c64891a075,true,adjective,,Danish,丹麦语,dansk,,,,,,,danskt,danske,danskere,danskest,den danskeste,,
wb_63e2f50baa44db9c655769ef7c878dbb7fce3aa3e3fd561b0c3ea141e8e0f260,true,adjective,,impress,留下深刻印象,imponere,,,,,,,imponere,imponere,imponerere,imponerest,den imponereste,,
wb_0fe634082913e770c48012387e1a640a794fab199c401cd6e89892448e503cb9,true,adjective,,formal,正式的,formell,,,,,,,formellt,formelle,formellere,formellest,den formelleste,,
wb_bfd70007fe5925d9c2a78b2ee9930d8b16eff6cbd4858a13859bee1441577376,true,adjective,,exciting,令人兴奋的,spennende,,,,,,,spennende,spennende,spennendere,spennendest,den spennendeste,,
wb_895a67cfbd57da7f1b79fa6ddbf59d6b1c388b3f60e5dc8a53fc22f418a924e5,true,adjective,,the opposite,相反,motsatt,,,,,,,motsatt,motsatte,motsattere,motsattest,den motsatteste,,
wb_2667f75a659c4a036594def2fd56d0beff3790782a4348f390f3818e5f924756,true,adjective,,controversial,有争议的,kontroversiell,,,,,,,kontroversiellt,kontroversielle,kontroversiellere,kontroversiellest,den kontroversielleste,,
wb_cb6de7d133aac09807a59659327d934a4f6967c15c793be8700a1f711f80eb69,true,adjective,,rarely,很少,sjelden,,,,,,,sjeldent,sjeldene,sjeldenere,sjeldenest,den sjeldeneste,,
wb_76d49e4abfaa5ffde65142724fb5dbf1fe3f0dbdc2096ede6211b1a711aeb6b8,true,adjective,,for free,免费,gratis,,,,,,,gratist,gratise,gratisere,gratisest,den gratiseste,,
wb_7291e3eb8ea6bf7836cf2ab5307d9239cd0f67520a1c11889fe4b4ba19ec4a27,true,adjective,,fair,公平,rettferdig,,,,,,,rettferdigt,rettferdige,rettferdigere,rettferdigest,den rettferdigeste,,
wb_7393ba925acef0797c6d783bc4cea35e3e4352542655b0b944c8c1f31c4388e2,true,adjective,,rough,粗糙,grov,,,,,,,grovt,grove,grovere,grovest,den groveste,,
wb_28cac4ab721737e2141c8048d33abfb53743eb3d8c8cbfbe106b68e09bd06266,true,adjective,,efficient,高效,effektiv,,,,,,,effektivt,effektive,effektivere,effektivest,den effektiveste,,
wb_398cde3511ea8ec70fbbd50994828e6508346b5ee2ba2b8eca98ae63add9108f,true,adjective,,the person concerned,有关人员,vedkommende,,,,,,,vedkommende,vedkommende,vedkommendere,vedkommendest,den vedkommendeste,,
wb_ba285c9899cc1bf7c9e27e0758d3dff9edb8e08a1e948894ec4a618f4e9d8209,true,adjective,,good,好,flink,,,,,,,flinkt,flinke,flinkere,flinkest,den flinkeste,,
wb_c4f619be3de4bedf15f3f53a4f7cfd4367fad8be546856970672c1bfec8ffde8,true,adjective,,happy,快乐,lykkelig,,,,,,,lykkeligt,lykkelige,lykkeligere,lykkeligest,den lykkeligeste,,
wb_a46ab15c0df7c2b69fdfafc2c0093e27a84e3571c614d72210570aef57adb398,true,adjective,,biologically,生物学上,biologisk,,,,,,,biologiskt,biologiske,biologiskere,biologiskest,den biologiskeste,,
wb_adaa1d2d7614f82f618cd96139b8293c3d65a104adfdecb081ea12be5afdeea0,true,adjective,,binding,绑定,forpliktende,,,,,,,forpliktende,forpliktende,forpliktendere,forpliktendest,den forpliktendeste,,
wb_85ba90261754ac98a8690bb541d526482221da827ddb8804b0b550f7ed21b4e1,true,adjective,,long term,长期,langsiktig,,,,,,,langsiktigt,langsiktige,langsiktigere,langsiktigest,den langsiktigeste,,
wb_001d88710826fbbf8c4ff348012bd3e7e6b4d86b3876995e21dbbab95b620f3c,true,adjective,,vulnerable,脆弱的,sårbar,,,,,,,sårbart,sårbare,sårbarere,sårbarest,den sårbareste,,
wb_056dff361a14cf4d7cf5937fb8764272d29b830d671e2eae1fa88b1971f47f23,true,adjective,,gentle,温柔的,mild,,,,,,,mildt,milde,mildere,mildest,den mildeste,,
wb_d94df9cda9e559444dd803ab146ba80531a1fab7c61ef0b97020092ccd957df2,true,adjective,,violent,暴力的,voldsom,,,,,,,voldsomt,voldsome,voldsomere,voldsomest,den voldsomeste,,
wb_8d58f449f562c1ddb3313c7b3dcfc9c1db296c70da2ac1e223f05eef165e129e,true,adjective,,useful,有用的,nyttig,,,,,,,nyttigt,nyttige,nyttigere,nyttigest,den nyttigeste,,
wb_aae0cc1d9be030b62be42141c33839a8429802c3f99868c6cbda8434378c432b,true,adjective,,nice,不错,hyggelig,,,,,,,hyggeligt,hyggelige,hyggeligere,hyggeligest,den hyggeligeste,,
wb_10c15bb3c35094de9d3f78634f6e9b20a51c8bea257450a00917c4ef2cced990,true,adjective,,successful,成功的,vellykket,,,,,,,vellykket,vellykkete,vellykketere,vellykketest,den vellykketeste,,
wb_65efa05816827384c287dcc2874ddce7d737e4feb0ca98722dcbf97990897bba,true,adjective,,responsible,负责的,ansvarlig,,,,,,,ansvarligt,ansvarlige,ansvarligere,ansvarligest,den ansvarligeste,,
wb_dfc5c768d0d1ef29fed6816ccb98c7c8bcc85d9a3a9adeddc8c09cd323cd553d,true,adjective,,British,英国人,britisk,,,,,,,britiskt,britiske,britiskere,britiskest,den britiskeste,,
wb_ad38cf09e981925967012e30b88d2f91f7ce49a490145c599875e00d6dbfdf99,true,adjective,,fresh,新鲜的,frisk,,,,,,,friskt,friske,friskere,friskest,den friskeste,,
wb_7bd8797da9fe06abf0ed4054a3e4505ab955adcfc6fb70183d6d9c111491bdd4,true,adjective,,about,关于,drøy,,,,,,,drøyt,drøye,drøyere,drøyest,den drøyeste,,
wb_4010f2f7ae1e94acb31bca4d7f675f465d5a73aeb47a144cdc07dabc2feef41e,true,adjective,,legal,合法的,rettslig,,,,,,,rettsligt,rettslige,rettsligere,rettsligest,den rettsligeste,,
wb_600c16a7afacf934b160768f1f0d85414c7dbc9c492b9a3bcad4101faa704cfa,true,adjective,,disputed,有争议的,omstridt,,,,,,,omstridt,omstridte,omstridtere,omstridtest,den omstridteste,,
wb_cc23b5766b7bdadaa8b4f669ad1be7e4ebd2a268977b9d055521614a8ebbc3ab,true,adjective,,solid,固体,solid,,,,,,,solidt,solide,solidere,solidest,den solideste,,
wb_da96ab88c52ff80766eeacda2a0dbc1590a3bf9c70e29844e7afdd7c238c8a23,true,adjective,,sufficient,足够,tilstrekkelig,,,,,,,tilstrekkeligt,tilstrekkelige,tilstrekkeligere,tilstrekkeligest,den tilstrekkeligeste,,
wb_4f91808b325e8cb763860f942f9581949a4a9984a0b2c3371ce49f00882a92e5,true,adjective,,applicable,适用,gjeldende,,,,,,,gjeldende,gjeldende,gjeldendere,gjeldendest,den gjeldendeste,,
wb_240e1e65518be8613289870737fd24f30672b73236663a0b619cf94b40e84c8e,true,adjective,,current,当前,nåværende,,,,,,,nåværende,nåværende,nåværendere,nåværendest,den nåværendeste,,
wb_ba7fe781de06586b667e0a253c63411059ffb4f7597debdc8162ee8646b17c90,true,adjective,,Russian,俄语,russisk,,,,,,,russiskt,russiske,russiskere,russiskest,den russiskeste,,
wb_63da9da7ace0e4f3ce1aa9c8ff75e472f8ea9635dd27902e346e1ba1ec34839d,true,adjective,,collective,集体的,kollektiv,,,,,,,kollektivt,kollektive,kollektivere,kollektivest,den kollektiveste,,
wb_7410a02ee7f505df6f373b30ff78b5efff1b652b3e45a8c5eccc9c902a2f03ab,true,adjective,,properly,正确地,skikkelig,,,,,,,skikkeligt,skikkelige,skikkeligere,skikkeligest,den skikkeligeste,,
wb_9ba18b222ce57915ed6bf8dd5bcc20651a4e0da6b24e4b2ff83d247f9762f050,true,adjective,,internal,内部,intern,,,,,,,internt,interne,internere,internest,den interneste,,
wb_8761019ec5f3694ec3a6bf17599976a58e2f83b0a71c71996910f69ecdbd9d59,true,adjective,,peace,和平,frede,,,,,,,frede,frede,fredere,fredest,den fredeste,,
wb_72335cc85571f817fed4b2aa7232fc58bdf7f83d999b6c3542d90ed75c93876a,true,adjective,,interest,兴趣,interessere,,,,,,,interessere,interessere,interesserere,interesserest,den interessereste,,
wb_f2f045552e0220324778d3afa8edb5f8e86e6e1349711353a74c73ac4fd75f9d,true,adjective,,evil,邪恶,ond,,,,,,,ondt,onde,ondere,ondest,den ondeste,,
wb_f3829dbfca3b80093b9399df1d6f18aa1a2e799d10c1525b38cb5696abf01822,true,adjective,,hot,热,varm,,,,,,,varmt,varme,varmere,varmest,den varmeste,,
wb_e6adca5b84436d262996f630e021e8ec2b6b5f39d55af8698bfc7b9e973caba6,true,adjective,,unknown,未知,ukjent,,,,,,,ukjent,ukjente,ukjentere,ukjentest,den ukjenteste,,
wb_8cb3f1e4356b6be05fbda946cc7698d65aac4f4ab749f02bf13688203e48c0fb,true,adjective,,official,官方,offisiell,,,,,,,offisiellt,offisielle,offisiellere,offisiellest,den offisielleste,,
wb_5870e8c57190ad85c5409e3e31187faa096f4da60ce0beb744840c9a27145e21,true,adjective,,innocent,无辜的,uskyldig,,,,,,,uskyldigt,uskyldige,uskyldigere,uskyldigest,den uskyldigeste,,
wb_a0ebab1aae9419a6fd3be2bd055b001bcea7a08deecc2e89028a371e7407d97f,true,adjective,,uncertain,不确定的,usikker,,,,,,,usikkert,usikkere,usikkerere,usikkerest,den usikkereste,,
wb_c9e00a8ccf579a43f33d24ee94824e13ea294bccdd713f84c4cdabe0ec3c77b7,true,adjective,,the like,之类的,lignende,,,,,,,lignende,lignende,lignendere,lignendest,den lignendeste,,
wb_4d88a19525c4bcb3190f34496dcdd084732d1c53c66756ed7627e57517ab5e98,true,adjective,,ugly,丑陋,stygg,,,,,,,styggt,stygge,styggere,styggest,den styggeste,,
wb_128072edcfe1b4610bf03c7a78ae65b6b1e1de98f3f3c1af6d5bcdf0b94d16b0,true,adjective,,valuable,有价值的,verdifull,,,,,,,verdifullt,verdifulle,verdifullere,verdifullest,den verdifulleste,,
wb_850f8b678ae47f580f8709e50c1b5c6c07cb20198468270e4d258c53772b1edc,true,adjective,,empty,空的,tom,,,,,,,tomt,tome,tomere,tomest,den tomeste,,
wb_bd8b3fd47cc7204b03b4c5cd2895b142ac39f3968974ba21f5718537bb220b5e,true,adjective,,profitable,有利可图的,lønnsom,,,,,,,lønnsomt,lønnsome,lønnsomere,lønnsomest,den lønnsomeste,,
wb_a6e288f58ea2a686994c3c625e94d24cdb43b4acf062c1657b0673f15e7408f8,true,adjective,,defendant,被告,tiltalt,,,,,,,tiltalt,tiltalte,tiltaltere,tiltaltest,den tiltalteste,,
wb_d3eb7fe98c75f92e7f9fec472e633e896ad9fc6ae48f0b2412a793caf5d3e3ce,true,adjective,,cheap,便宜,billig,,,,,,,billigt,billige,billigere,billigest,den billigeste,,
wb_544d08ec1b114eb5be24b01814d8b84d54e35c8b6a3d10ed6ac5e320bab058a2,true,adjective,,blue,蓝色,blå,,,,,,,blåt,blåe,blåere,blåest,den blåeste,,
wb_cbddbfbd126a7b9482b9b8975a3942a5dc58d47cd8b4af105a48fef9476b62ab,true,adjective,,newborn,新生儿,nyfødt,,,,,,,nyfødt,nyfødte,nyfødtere,nyfødtest,den nyfødteste,,
wb_7d886bcc56ff79af4c898685719038cefe1bfe7c80af6ea01e8b657d4b9e8552,true,adjective,,exposed,暴露,utsatt,,,,,,,utsatt,utsatte,utsattere,utsattest,den utsatteste,,
wb_8ba82f1ee443c3e0daf6f48eaf1dc885c219654e4298503eb35250c5cc00dbe3,true,adjective,,dear,亲爱的,kjær,,,,,,,kjært,kjære,kjærere,kjærest,den kjæreste,,
wb_3a4990de6b5051bba3bb62459311f48b9402ceaf288f0393f25cf14d1022f86f,true,adjective,,carefully,仔细地,forsiktig,,,,,,,forsiktigt,forsiktige,forsiktigere,forsiktigest,den forsiktigeste,,
wb_104e5e4303fc14df7e768acf6dc91a317760abdec34ac85735a27aea0b2da54e,true,adjective,,sustainable,可持续的,bærekraftig,,,,,,,bærekraftigt,bærekraftige,bærekraftigere,bærekraftigest,den bærekraftigeste,,
wb_70ce7d733ec5fe2de675a05b9708f98eff9cd3988a604e4cd7151f2afe551002,true,adjective,,disagree,不同意,uenig,,,,,,,uenigt,uenige,uenigere,uenigest,den uenigeste,,
wb_f3c5832bbba0a64f2d4097b78f91b383d8bf35e1114eb949036146c83dc4f629,true,adjective,,yellow,黄色,gul,,,,,,,gult,gule,gulere,gulest,den guleste,,
wb_7874ef8d0029bcd7ec1ecbef9515d7397254c3b6e4cd35fa642c2915514c114b,true,adjective,,convince,说服,overbevise,,,,,,,overbevise,overbevise,overbevisere,overbevisest,den overbeviseste,,
wb_2f8d4fa89d8c8949c5b2c038be200aa4032dac72390a5f438869352b2f610389,true,adjective,,foreign,外国的,utenlandsk,,,,,,,utenlandskt,utenlandske,utenlandskere,utenlandskest,den utenlandskeste,,
wb_a87d408fe84666dab7e461a7c59d66bcb1908d65f19a4f71f2038ce01dc456a6,true,adjective,,radical,激进的,radikal,,,,,,,radikalt,radikale,radikalere,radikalest,den radikaleste,,
wb_2fdf91c902c4ba36de5596b376682f3bed012873157d170275c6085717de1c0f,true,adjective,,unfortunate,不幸的,uheldig,,,,,,,uheldigt,uheldige,uheldigere,uheldigest,den uheldigeste,,
wb_0c26ecf0dc57d04762a9ea0819414b898ec2c78af0d6ef9d20ca10aaf48a9495,true,adjective,,carefully,仔细地,nøye,,,,,,,nøye,nøye,nøyere,nøyest,den nøyeste,,
wb_f36a7dcc1ab2ee34671bfebb59932e706dbec4a165d79a28aa0ecb309b6cde56,true,adjective,,inner,内在的,indre,,,,,,,indre,indre,indrere,indrest,den indreste,,
wb_6634b507826c55c3c1136ef2c2e94f7eefa9aa066a5a8e7ec6fa9560f5b752ae,true,adjective,,pretty,漂亮,pen,,,,,,,pent,pene,penere,penest,den peneste,,
wb_f2c1b39897c44d77b176eb2625979ae64659ee5b9b201ce04170a2befefc5f5d,true,adjective,,properly,正确地,ordentlig,,,,,,,ordentligt,ordentlige,ordentligere,ordentligest,den ordentligeste,,
wb_e0fc41e2f3c43802d9bd32e0288539c008c861c9c3de54b5229f5e9cfd800f25,true,adjective,,serious,严重的,seriøs,,,,,,,seriøst,seriøse,seriøsere,seriøsest,den seriøseste,,
wb_5fdb20da1bd8283a75cb31ce98f211083a775a0684ab91339f768a3a0e2bc02c,true,adjective,,municipal,市级,kommunal,,,,,,,kommunalt,kommunale,kommunalere,kommunalest,den kommunaleste,,
wb_a443a5ebcbea67a8ef38e34de5d4fa13d656d1c2255e02796b83fbe3ee141a99,true,adjective,,convict,罪犯,domfelle,,,,,,,domfelle,domfelle,domfellere,domfellest,den domfelleste,,
wb_7257f13a892af4185a4e796ee62f50e94fe587050eacee96023f2d1e3dd16ac8,true,adjective,,sharp,锋利的,skarp,,,,,,,skarpt,skarpe,skarpere,skarpest,den skarpeste,,
wb_2c4b4d30e6277bc4388e1b93a06a5edca892e0163163eff01bddf7d415277998,true,adjective,,worth,值得,verdt,,,,,,,verdt,verdte,verdtere,verdtest,den verdteste,,
wb_4784bbff7c5b8d2e1cb4c4171e736bb3281f88ce10050d5adca849e584b103f3,true,adjective,,morally,道德上,moralsk,,,,,,,moralskt,moralske,moralskere,moralskest,den moralskeste,,
wb_f76927907320536be6eb47cbfc6546ed217362284b39fae883356f7a7c53baef,true,adverb,,too,也,også,,,,,,,,,,,,ogsåere,ogsåest
wb_a06d8a3493968c61d849f1b951c8100d7fb107204b180d556e350c8ee2646df7,true,adverb,,so,所以,så,,,,,,,,,,,,såere,såest
wb_6bef372e20b8341c201e4eb051f9e5f50e60bd71e6cffbc1f09871af673506ec,true,adverb,,only,仅,bare,,,,,,,,,,,,barere,barest
wb_bb8ece72ecf1ddce2a941160f28ab7a14521c4b43bbf6e013c0fbadf64311c48,true,adverb,,up,向上,opp,,,,,,,,,,,,oppere,oppest
wb_15c3b1cff420fe0af84e116f5915bf70b71c3eeafcbb818f9bf0c8d967c9facc,true,adverb,,out,出,ut,,,,,,,,,,,,utere,utest
wb_c99a2de1c49b13553015c835095803e5f3866df583551e99ee2294806259c328,true,adverb,,here,这里,her,,,,,,,,,,,,herere,herest
wb_96c6ac3ff32a34f37db71da8af42312567e60c0bb31c6999a1364698520a2376,true,adverb,,then,然后,da,,,,,,,,,,,,daere,daest
wb_f01fa80f119e9dcc5c50309621f6e3deb92d75b22b2a44d4f0d14192eadf2a71,true,adverb,,even,甚至,selv,,,,,,,,,,,,selvere,selvest
wb_dae780a4fc218bdedece00735e0abda60f3b5aa559f388adedc3aae2c6489a60,true,adverb,,where,哪里,hvor,,,,,,,,,,,,hvorere,hvorest
wb_2d5a0dc42ae4c69a44771a8c1a09c466f1d6cf880c2d01ec6511dd0549869baf,true,adverb,,enough,够了,nok,,,,,,,,,,,,nokere,nokest
wb_57cdf8d206e6bb5431f5ed250592acff40c126543fd28053db3ce5e6773a1c1b,true,adverb,,yes,是的,jo,,,,,,,,,,,,joere,joest
wb_f1cf95577f2508990fccf46883e5891a59f095abe82ca622eac5616fd126978d,true,adverb,,how,如何,hvordan,,,,,,,,,,,,hvordanere,hvordanest
wb_74ef7ef4190d1dab4a4c8f0f26f86a113f4eb967d9056bd1903a5ee9774d2b5a,true,adverb,,like this,像这样,slik,,,,,,,,,,,,slikere,slikest
wb_f7702de43d85bb444fd0851bf4492e3e6d15b112ad4cf190b4adce55e290342a,true,adverb,,again,再次,igjen,,,,,,,,,,,,igjenere,igjenest
wb_79b0ccafc3c0e3f0ef7f76c890ed4c691ff4a47b62fb19e07f37a268641bb049,true,adverb,,there,那里,der,,,,,,,,,,,,derere,derest
wb_e1a0ce3725cc0b0054c9e41516cd00444c86f52818baab27a4992b14867f888c,true,adverb,,together,一起,sammen,,,,,,,,,,,,sammenere,sammenest
wb_3c3a47ae8ad3686a42b520c50b5e5a5cb29df9329d0f73244042b31e8d37ba0d,true,adverb,,on,上,på,,,,,,,,,,,,påere,påest
wb_23c5f184dbafbfe08da503d1621a44f65a72e412daa7c9aabbd315abfb09e86f,true,adverb,,therefore,因此,derfor,,,,,,,,,,,,derforere,derforest
wb_5f3bbac1cc91f8a5f8108c8f63fd622d6c4e5b58d82f501967cdd307dec7228a,true,adverb,,for,为了,for,,,,,,,,,,,,forere,forest
wb_bf635705d031a2ebcfd71e801c76043fa868980ffb810e66831f0d4f48b3bacc,true,adverb,,in,在,inn,,,,,,,,,,,,innere,innest
wb_095ee98f335d506c30d1f387aa38af5addf46ddcdaea14785bf46f0355412feb,true,adverb,,to,到,til,,,,,,,,,,,,tilere,tilest
wb_870a08d8d2d1e8764694dcd7499109b61fe5805c0eac9324809733afc048a5c9,true,adverb,,maybe,也许,kanskje,,,,,,,,,,,,kanskjere,kanskjest
wb_2bcfed5cafbb8f72f3d30647b04c1fa32f26cd93b6be113c9909cc715e83bc98,true,adverb,,never,从不,aldri,,,,,,,,,,,,aldriere,aldriest
wb_076de77551ad2bc94d56588276ff762e0d82731b539d81fd1549bcc1a6bb322c,true,adverb,,first,首先,først,,,,,,,,,,,,førstere,førstest
wb_d52a9733b06a3cad674fa08131a283c82ef7f5da2cc28ef38d69420e57303113,true,adverb,,still,仍然,fortsatt,,,,,,,,,,,,fortsattere,fortsattest
wb_21e5390fb027326d012d14597c92fd101f0247640a00bfc2b081b2e38c7d9404,true,adverb,,already,已经,allerede,,,,,,,,,,,,alleredere,alleredest
wb_bfda3c12e10b7fe39af8d415ef7db9b9a6d3588f859603ba56ec0fb7e059007d,true,adverb,,with,与,med,,,,,,,,,,,,medere,medest
wb_25ecffaa3854d8179e37cf85ad9765c469ba23e7c8a2741f090605a75dade588,true,adverb,,rather,相反,heller,,,,,,,,,,,,hellerere,hellerest
wb_3882d0e6522bfb9696dfcac8b782015786e0add1f60ebadb5a190f1a778d5fd4,true,adverb,,almost,几乎,nesten,,,,,,,,,,,,nestenere,nestenest
wb_d0dcac918e49c66999396561c5f0884d6c0dbc4fc086618c2f8d58cf40f82c5c,true,adverb,,nevertheless,尽管如此,likevel,,,,,,,,,,,,likevelere,likevelest
wb_9d14860b1023fa58f2c7baba78cca34de8cd9b4d7f5df77471ce38587ebd52e9,true,adverb,,down,向下,ned,,,,,,,,,,,,nedere,nedest
wb_02390087cf4c6ea1aa42dcca681b5997bfe16e224fa98a06fc0a9c2050390468,true,adverb,,off,关闭,av,,,,,,,,,,,,avere,avest
wb_28ad3217a088a72f562d5d9604de468eb0a77221510f3fe424a5b11a5aaab154,true,adverb,,thus,因此,dermed,,,,,,,,,,,,dermedere,dermedest
wb_ba944b3b20bde64ee661682cec1a0fb0e5915a66518bccf901dca959233baf55,true,adverb,,ago,前,siden,,,,,,,,,,,,sidenere,sidenest
wb_3d0b3cf2a5039f55f1e80ebeae27a6cd61e6e3fdbfb671b19e6ce3707e3c5b9a,true,adverb,,why,为什么,hvorfor,,,,,,,,,,,,hvorforere,hvorforest
wb_945bc3c98d43912908aa4b40230fb8b4d1dd7177b9e90db1784f1704b5fab7e8,true,adverb,,well,嗯,vel,,,,,,,,,,,,velere,velest
wb_bdcb2872d204d48c9135395559f510278ee01418de5f06a04d2dd4cc6b9e4b0e,true,adverb,,always,总是,alltid,,,,,,,,,,,,alltidere,alltidest
wb_aa39efff62a957d768eb1c52d51b05b75ca6cdd1f84f02e0f15d12332c5e9610,true,adverb,,welcome,欢迎,gjerne,,,,,,,,,,,,gjernere,gjernest
wb_4f4341ec96e8f22f6118e0e6b89e2bd7e7085ac9addce9974b1d4abf4009e919,true,adverb,,however,然而,imidlertid,,,,,,,,,,,,imidlertidere,imidlertidest
wb_136b211b06fa09e8c29df1d017f037419b102db171d125f45476659bc91f9083,true,adverb,,yet,还,enda,,,,,,,,,,,,endaere,endaest
wb_005e611526bf7d3e788b9674f2f1b75493ecd60de0e38e43e3584ccc5dd5750f,true,adverb,,quite,相当,ganske,,,,,,,,,,,,ganskere,ganskest
wb_071cc3f2569370cf1f1ff0df9c711f6d45b56c20343bf5ad52f3e5f7a713aa66,true,adverb,,exactly,正是,akkurat,,,,,,,,,,,,akkuratere,akkuratest
wb_5fd8c10b02c726a505b2c732e9e15aa904b610905f04a3eb25cf1c276564109e,true,adverb,,forth,向前,fram,,,,,,,,,,,,framere,framest
wb_d016f4f4748b3465dc246eadbe6033b2290c97eb6dbc87932ed6ec101eea200b,true,adverb,,that is,那就是,altså,,,,,,,,,,,,altsåere,altsåest
wb_f02950856fb92dfb9739cfe834e27ff7e958e08687db483f589c097d73a70144,true,adverb,,back,回来,tilbake,,,,,,,,,,,,tilbakere,tilbakest
wb_9708c7499b6a27064b7e5cace7575783b702bdf735e46d11f54436a38d19dba7,true,adverb,,forth,向前,frem,,,,,,,,,,,,fremere,fremest
wb_33aa40857232bb79a94e7d804cf7fe247759cae2b9dc5050063fa02f12885e8f,true,adverb,,before,之前,før,,,,,,,,,,,,førere,førest
wb_af9730fe9d4240cfdc86163955089e0eaeaee8eb3781e2eee6179336269984f1,true,adverb,,ever,曾经,aller,,,,,,,,,,,,allerere,allerest
wb_8bb3dca7cd44c338f167e6458a56824928ac4dae585ad0fd44fc01c586f89d69,true,adverb,,alone,独自一人,alene,,,,,,,,,,,,alenere,alenest
wb_c60fe60ab5b5f425309be36d786f4550dc68605fbb27ae216594b4f8ac7f4300,true,adverb,,about,关于,om,,,,,,,,,,,,omere,omest
wb_edf5ce1ab2066ba193802eef31caf10bd9d91bb606e4f535fc2c14a963f5f235,true,adverb,,i,我,i,,,,,,,,,,,,iere,iest
wb_84602ed6cd67e127c1477a1d186ccc48618876f60836e1255c4a1b8e506c6599,true,adverb,,moreover,而且,dessuten,,,,,,,,,,,,dessutenere,dessutenest
wb_bc7b662cecacd7ab03e3a45301cc3408900a1235bf13d5224490bc6a18fb6af8,true,adverb,,only,仅,kun,,,,,,,,,,,,kunere,kunest
wb_25f6f89275458ce8604c0de7901a31a7a4aafda9a3e24cb11833f538a69a5045,true,adverb,,home,家,hjem,,,,,,,,,,,,hjemere,hjemest
wb_b0dd3eaa456eba8930c08ef351e471365cefccaaf5448b3d2975840b811f3806,true,adverb,,precisely,正是,nettopp,,,,,,,,,,,,nettoppere,nettoppest
wb_4b2938659d06895937d22f2089d2f9a64edad7bc6dced10db8cafadff0a6451c,true,adverb,,like that,像那样,sånn,,,,,,,,,,,,sånnere,sånnest
wb_fd6e31a827a6eab81da7ab059ae0483bc7ff6477a98f7b8ef6dabe5b4869c2ba,true,adverb,,an,一个,an,,,,,,,,,,,,anere,anest
wb_c7d8ded83cf08e11aad5c75916949269cedcbf133097a6e4625837bb58b7031f,true,adverb,,away,离开,bort,,,,,,,,,,,,bortere,bortest
wb_a5bd67f469ba98d0f03a32b55c2166723fd45e6f889024bee0618137d4c3ada0,true,adverb,,namely,即,nemlig,,,,,,,,,,,,nemligere,nemligest
wb_fd081c37e8de42e7fc5d6d9b10df23de4d77da76e9bc8dadcd0590ee58cae67e,true,adverb,,yet,还,ennå,,,,,,,,,,,,ennåere,ennåest
wb_c040f59b56612b3da422cd6e1233329de5c5ecc05a689e638e5a16b0912a15dc,true,adverb,,preferably,最好,helst,,,,,,,,,,,,helstere,helstest
wb_35a71a47b47f6b128c7b14d368f52ca2dce96ee8fc927dc2a204c00ac87a4a78,true,adverb,,middle,中,midt,,,,,,,,,,,,midtere,midtest
wb_6d79e9bb76a9a8d6524f1c15da1f1d4fcccc71b485e878aa42c09b49dc545651,true,adverb,,at home,在家,hjemme,,,,,,,,,,,,hjemmere,hjemmest
wb_63a670e82042d11d8636124902902b77e17cc52ceebd3d4786f83449ba1dbb76,true,adverb,,a lot,很多,meget,,,,,,,,,,,,megetere,megetest
wb_45028c1f1d58e6027be4e29b35625c193f512ca99b59a43cb956b628d7aaa377,true,adverb,,otherwise,否则,ellers,,,,,,,,,,,,ellersere,ellersest
wb_350514172dd6d7d341bac710b5accabe8e3a772309f77a6c296ce657026b0c81,true,adverb,,from,来自,fra,,,,,,,,,,,,fraere,fraest
wb_5631bf9531b4537f0afc3d0ba7db1c51ad2a7bff5e30e63d70fa10aa99c062d6,true,adverb,,around,周围,rundt,,,,,,,,,,,,rundtere,rundtest
wb_e213165405944d739b766adf894fc48b2c91761e8fbf942aa277fd5cbf17094d,true,adverb,,too much,太多了,altfor,,,,,,,,,,,,altforere,altforest
wb_4368d98e4915b2d0112da8ef00b9709d07cf8452c3b81dc9519b54467f7f010b,true,adverb,,after,之后,etter,,,,,,,,,,,,etterere,etterest
wb_6a1efafa2f7dcfc57cdf1fce7b7aa801c16fcb0db40edd2b3ae6600a6cc2344a,true,adverb,,afterwards,之后,etterpå,,,,,,,,,,,,etterpåere,etterpåest
wb_7c0ec0bf01cb8a682df8559867afa6df3b6d4fa9d633e55cd4bf4d30ef12ceb3,true,adverb,,still,仍然,fremdeles,,,,,,,,,,,,fremdelesere,fremdelesest
wb_57ad203e4d57b4e91d0238e17c33095c24f4d9d97a0f8e458c1c639aeee45763,true,adverb,,anyway,无论如何,uansett,,,,,,,,,,,,uansettere,uansettest
wb_01d7fc54b0175a63f59a76575c82aad08f1cf6d47789e9ab7508e3110e406115,true,adverb,,on the other hand,另一方面,derimot,,,,,,,,,,,,derimotere,derimotest
wb_a016f761f7311cb1f2381406c7f6cd3e7ac6f096a8d941e1e454cfad9ba3432d,true,adverb,,unfortunately,不幸的是,dessverre,,,,,,,,,,,,dessverrere,dessverrest
wb_49ebce283b9bb7625df93a54d8740a691b1dfe2b92441300bf449814f132372e,true,adverb,,against,反对,imot,,,,,,,,,,,,imotere,imotest
wb_778ff2bc50415981cadbee19ec5b88dd2aeb4b27f16d51a6100e1f9aed773e5b,true,adverb,,approximately,大约,omtrent,,,,,,,,,,,,omtrentere,omtrentest
wb_30b2067168d88c6fa37f0d5ea41e115374b54df56496c0ea2a2667236b508e39,true,adverb,,when,当,når,,,,,,,,,,,,nårere,nårest
wb_2b2cd3e0753f1525838a282e8359821d9793ffa7aa6a3f33c03a94ed24000640,true,adverb,,hardly,几乎不,neppe,,,,,,,,,,,,neppere,neppest
wb_b8a6e955449b6e3418a4ef3ed5a039c4bc838e8d7e5a3ce6cea22568f71ef34e,true,adverb,,recently,最近,nylig,,,,,,,,,,,,nyligere,nyligest
wb_5f020098816587975a50d61c1a47e101f3dd4a48f5f3067e9eb53aa544cb3384,true,adverb,,thereafter,此后,deretter,,,,,,,,,,,,deretterere,deretterest
wb_3a7bf4b092b2d97c5f3580ea431214e99bc81af6ed9b12d81c2952f7dd9af69f,true,adverb,,indeed,确实,riktignok,,,,,,,,,,,,riktignokere,riktignokest
wb_2c55467a6e47704382586cb353f012d740329424d0fcae562914d627413812ba,true,adverb,,over,结束,over,,,,,,,,,,,,overere,overest
wb_936cabc764c2dddd4e56cde911fa3aab1907be6c53c17f6da76c6c8cf75e2d7a,true,adverb,,fortunately,幸运的是,heldigvis,,,,,,,,,,,,heldigvisere,heldigvisest
wb_64609516e66db98dad1998520b00e57872426264575acfcc506ef3129972b47a,true,adverb,,gradually,渐渐地,gradvis,,,,,,,,,,,,gradvisere,gradvisest
wb_e3352fab4f118d3e6c8c38e6016a40c18bcd25e3dbf63522e34a4ce56ec3e8e7,true,adverb,,here,这里,hit,,,,,,,,,,,,hitere,hitest
wb_28f2b06517577ef92510f0b25d0e7205ff8700878110ff546fac9d8327c07a82,true,adverb,,away,离开,unna,,,,,,,,,,,,unnaere,unnaest
wb_d6a293a6a90225a39bc849544b54051d01d4413c59fdf236f9890cd6b86a4efd,true,adverb,,on the contrary,相反,tvert,,,,,,,,,,,,tvertere,tvertest
wb_748bcc2de40dc232d568f72ea5ba7c67a69ccd2c4782dd74b115b57bd1e40341,true,adverb,,sometime,某个时候,engang,,,,,,,,,,,,engangere,engangest
wb_31caa7f4c83f1e2a7e37c46c1addb40948cc67aefcb4be45d15905ba2e828c91,true,adverb,,naturally,自然地,naturligvis,,,,,,,,,,,,naturligvisere,naturligvisest
wb_e81af522cabc9b0a028c33be3d2879c8e0709377fcd403c5d0ee73dea30fd416,true,adverb,,in part,部分地,delvis,,,,,,,,,,,,delvisere,delvisest
wb_ffc505928fa40b457fc7123203d147afc284a2b0a8ff65c9c26576845922da41,true,adverb,,the more,越多,desto,,,,,,,,,,,,destoere,destoest
wb_9ccdc860b0fffa54999fd74e509dc8dbc928898fe35f913fb3a1ee310626cc90,true,adverb,,possibly,可能,muligens,,,,,,,,,,,,muligensere,muligensest
wb_0d675f6785b9a5894611bc5a72ad4fe34b968ac4c039579bc890d2350bb1fbd4,true,adverb,,so far,到目前为止,hittil,,,,,,,,,,,,hittilere,hittilest
wb_7049dc89135324922d66812561555bcf832d891e1136848996f8cbbf43ace2b3,true,adverb,,necessarily,必然,nødvendigvis,,,,,,,,,,,,nødvendigvisere,nødvendigvisest
wb_c9608e2f15da43d116674be2cf031f7dbd410b6b079b2940113599211ae4141d,true,adverb,,second,第二,nest,,,,,,,,,,,,nestere,nestest
wb_ac97eee10024fe0e7733e7669b9a23423ed0e26bde15d40be438e85e83f82b97,true,adverb,,like,喜欢,liksom,,,,,,,,,,,,liksomere,liksomest
wb_603a154fb31e672badfa818d20da19e84b22382849b9d244391e63481606a819,true,adverb,,ever,曾经,noensinne,,,,,,,,,,,,noensinnere,noensinnest
wb_08a191333c8af353e4ece65f997dada2eeab3fba504bf3926336e983513fee4b,true,adverb,,in front,在前面,foran,,,,,,,,,,,,foranere,foranest
wb_4b18c75303218a7861ece56d211cd83ff1df588380435d68027f44fb1c42b90f,true,adverb,,there,那里,dit,,,,,,,,,,,,ditere,ditest
wb_c8d676e9dd81d98bba25145c1d3974901df01b1ad106bf77dfe85bac3af3ca15,true,adverb,,so much,这么多,såpass,,,,,,,,,,,,såpassere,såpassest
